Resort_ID,Month,avg_snow
1,2022-01-01,99.606
1,2022-02-01,99.724
1,2022-03-01,100
1,2022-04-01,86.141
1,2022-05-01,86.33285714285714
1,2022-06-01,38.896
1,2022-07-01,20.47
1,2022-08-01,14.175
1,2022-09-01,12.99
1,2022-10-01,100
1,2022-11-01,85.276
1,2022-12-01,99.922
"1, 2",2022-01-01,99.86833333333334
"1, 2",2022-02-01,100
"1, 2",2022-03-01,99.67166666666667
"1, 2",2022-04-01,93.30666666666667
"1, 2",2022-05-01,76.4775
"1, 2",2022-06-01,33.07
"1, 2",2022-07-01,0.79
"1, 2",2022-10-01,54.919999999999995
"1, 2",2022-11-01,97.17833333333333
"1, 2",2022-12-01,98.68666666666667
2,2022-01-01,99.804
2,2022-02-01,100
2,2022-03-01,100
2,2022-04-01,100
2,2022-05-01,89.2388888888889
2,2022-06-01,50.195
2,2022-07-01,22.44
2,2022-09-01,0.39
2,2022-10-01,74.9025
2,2022-11-01,75.078
2,2022-12-01,100
"3, 267, 284, 296, 309, 366, 419",2022-01-01,77.95
"3, 267, 284, 296, 309, 366, 419",2022-02-01,27.17
"3, 267, 284, 296, 309, 366, 419",2022-12-01,26.38
"3, 31, 33, 42, 43, 44, 104, 108, 110, 111, 113, 119, 120, 139, 141, 176, 201, 236, 257, 258, 309, 366, 419, 479",2022-01-01,96.85
"3, 31, 33, 42, 43, 44, 104, 108, 110, 111, 113, 119, 120, 139, 141, 176, 201, 236, 257, 258, 309, 366, 419, 479",2022-02-01,96.06
"3, 31, 33, 42, 43, 44, 104, 108, 110, 111, 113, 119, 120, 139, 141, 176, 201, 236, 257, 258, 309, 366, 419, 479",2022-03-01,94.88
"3, 31, 33, 42, 43, 44, 104, 108, 110, 111, 113, 119, 120, 139, 141, 176, 201, 236, 257, 258, 309, 366, 419, 479",2022-04-01,65.35
"3, 31, 33, 42, 43, 44, 104, 108, 110, 111, 113, 119, 120, 139, 141, 176, 201, 236, 257, 258, 309, 366, 419, 479",2022-05-01,3.54
"3, 31, 33, 42, 43, 44, 104, 108, 110, 111, 113, 119, 120, 139, 141, 176, 201, 236, 257, 258, 309, 366, 419, 479",2022-09-01,0.79
"3, 31, 33, 42, 43, 44, 104, 108, 110, 111, 113, 119, 120, 139, 141, 176, 201, 236, 257, 258, 309, 366, 419, 479",2022-11-01,79.13
"3, 31, 33, 42, 43, 44, 104, 108, 110, 111, 113, 119, 120, 139, 141, 176, 201, 236, 257, 258, 309, 366, 419, 479",2022-12-01,97.24
"3, 31, 33, 42, 43, 44, 108, 110, 113, 119, 139, 141, 176, 201, 257, 258, 309, 330, 366, 419, 479",2022-01-01,100
"3, 31, 33, 42, 43, 44, 108, 110, 113, 119, 139, 141, 176, 201, 257, 258, 309, 330, 366, 419, 479",2022-02-01,100
"3, 31, 33, 42, 43, 44, 108, 110, 113, 119, 139, 141, 176, 201, 257, 258, 309, 330, 366, 419, 479",2022-03-01,100
"3, 31, 33, 42, 43, 44, 108, 110, 113, 119, 139, 141, 176, 201, 257, 258, 309, 330, 366, 419, 479",2022-04-01,96.85
"3, 31, 33, 42, 43, 44, 108, 110, 113, 119, 139, 141, 176, 201, 257, 258, 309, 330, 366, 419, 479",2022-05-01,35.83
"3, 31, 33, 42, 43, 44, 108, 110, 113, 119, 139, 141, 176, 201, 257, 258, 309, 330, 366, 419, 479",2022-06-01,12.2
"3, 31, 33, 42, 43, 44, 108, 110, 113, 119, 139, 141, 176, 201, 257, 258, 309, 330, 366, 419, 479",2022-09-01,10.63
"3, 31, 33, 42, 43, 44, 108, 110, 113, 119, 139, 141, 176, 201, 257, 258, 309, 330, 366, 419, 479",2022-10-01,14.17
"3, 31, 33, 42, 43, 44, 108, 110, 113, 119, 139, 141, 176, 201, 257, 258, 309, 330, 366, 419, 479",2022-11-01,100
"3, 31, 33, 42, 43, 44, 108, 110, 113, 119, 139, 141, 176, 201, 257, 258, 309, 330, 366, 419, 479",2022-12-01,100
"3, 31, 42, 43, 44, 110, 119, 139, 141, 157, 176, 201, 236, 257, 267, 284, 296, 309, 366, 419, 479",2022-01-01,96.46
"3, 31, 42, 43, 44, 110, 119, 139, 141, 157, 176, 201, 236, 257, 267, 284, 296, 309, 366, 419, 479",2022-02-01,98.03
"3, 31, 42, 43, 44, 110, 119, 139, 141, 157, 176, 201, 236, 257, 267, 284, 296, 309, 366, 419, 479",2022-03-01,98.43
"3, 31, 42, 43, 44, 110, 119, 139, 141, 157, 176, 201, 236, 257, 267, 284, 296, 309, 366, 419, 479",2022-04-01,88.58
"3, 31, 42, 43, 44, 110, 119, 139, 141, 157, 176, 201, 236, 257, 267, 284, 296, 309, 366, 419, 479",2022-05-01,7.09
"3, 31, 42, 43, 44, 110, 119, 139, 141, 157, 176, 201, 236, 257, 267, 284, 296, 309, 366, 419, 479",2022-11-01,95.28
"3, 31, 42, 43, 44, 110, 119, 139, 141, 157, 176, 201, 236, 257, 267, 284, 296, 309, 366, 419, 479",2022-12-01,97.64
"3, 31, 42, 43, 44, 110, 119, 139, 141, 157, 176, 201, 257, 267, 309, 366, 419, 479",2022-01-01,97.64
"3, 31, 42, 43, 44, 110, 119, 139, 141, 157, 176, 201, 257, 267, 309, 366, 419, 479",2022-02-01,98.43
"3, 31, 42, 43, 44, 110, 119, 139, 141, 157, 176, 201, 257, 267, 309, 366, 419, 479",2022-03-01,35.04
"3, 31, 42, 43, 44, 110, 119, 139, 141, 157, 176, 201, 257, 267, 309, 366, 419, 479",2022-04-01,5.91
"3, 31, 42, 43, 44, 110, 119, 139, 141, 157, 176, 201, 257, 267, 309, 366, 419, 479",2022-11-01,94.09
"3, 31, 42, 43, 44, 110, 119, 139, 141, 157, 176, 201, 257, 267, 309, 366, 419, 479",2022-12-01,94.88
"3, 31, 42, 44, 139, 141, 157, 174, 176, 201, 257, 267, 284, 296, 309, 329, 366, 419",2022-01-01,99.61
"3, 31, 42, 44, 139, 141, 157, 174, 176, 201, 257, 267, 284, 296, 309, 329, 366, 419",2022-02-01,100
"3, 31, 42, 44, 139, 141, 157, 174, 176, 201, 257, 267, 284, 296, 309, 329, 366, 419",2022-03-01,99.61
"3, 31, 42, 44, 139, 141, 157, 174, 176, 201, 257, 267, 284, 296, 309, 329, 366, 419",2022-04-01,5.91
"3, 31, 42, 44, 139, 141, 157, 174, 176, 201, 257, 267, 284, 296, 309, 329, 366, 419",2022-05-01,21.26
"3, 31, 42, 44, 139, 141, 157, 174, 176, 201, 257, 267, 284, 296, 309, 329, 366, 419",2022-06-01,9.45
"3, 31, 42, 44, 139, 141, 157, 174, 176, 201, 257, 267, 284, 296, 309, 329, 366, 419",2022-09-01,4.33
"3, 31, 42, 44, 139, 141, 157, 174, 176, 201, 257, 267, 284, 296, 309, 329, 366, 419",2022-10-01,17.72
"3, 31, 42, 44, 139, 141, 157, 174, 176, 201, 257, 267, 284, 296, 309, 329, 366, 419",2022-11-01,2.76
"3, 31, 42, 44, 139, 141, 157, 174, 176, 201, 257, 267, 284, 296, 309, 329, 366, 419",2022-12-01,100
"3, 31, 42, 44, 139, 141, 157, 174, 176, 201, 257, 267, 309, 329, 366, 419",2022-01-01,94.88
"3, 31, 42, 44, 139, 141, 157, 174, 176, 201, 257, 267, 309, 329, 366, 419",2022-02-01,97.64
"3, 31, 42, 44, 139, 141, 157, 174, 176, 201, 257, 267, 309, 329, 366, 419",2022-03-01,97.64
"3, 31, 42, 44, 139, 141, 157, 174, 176, 201, 257, 267, 309, 329, 366, 419",2022-04-01,77.95
"3, 31, 42, 44, 139, 141, 157, 174, 176, 201, 257, 267, 309, 329, 366, 419",2022-05-01,5.12
"3, 31, 42, 44, 139, 141, 157, 174, 176, 201, 257, 267, 309, 329, 366, 419",2022-11-01,92.13
"3, 31, 42, 44, 139, 141, 157, 174, 176, 201, 257, 267, 309, 329, 366, 419",2022-12-01,99.21
"3, 33, 42, 43, 44, 101, 104, 108, 110, 111, 113, 119, 120, 141, 176, 201, 236, 249, 258, 309, 331, 406, 479",2022-01-01,100
"3, 33, 42, 43, 44, 101, 104, 108, 110, 111, 113, 119, 120, 141, 176, 201, 236, 249, 258, 309, 331, 406, 479",2022-02-01,100
"3, 33, 42, 43, 44, 101, 104, 108, 110, 111, 113, 119, 120, 141, 176, 201, 236, 249, 258, 309, 331, 406, 479",2022-03-01,100
"3, 33, 42, 43, 44, 101, 104, 108, 110, 111, 113, 119, 120, 141, 176, 201, 236, 249, 258, 309, 331, 406, 479",2022-04-01,100
"3, 33, 42, 43, 44, 101, 104, 108, 110, 111, 113, 119, 120, 141, 176, 201, 236, 249, 258, 309, 331, 406, 479",2022-05-01,94.88
"3, 33, 42, 43, 44, 101, 104, 108, 110, 111, 113, 119, 120, 141, 176, 201, 236, 249, 258, 309, 331, 406, 479",2022-06-01,47.64
"3, 33, 42, 43, 44, 101, 104, 108, 110, 111, 113, 119, 120, 141, 176, 201, 236, 249, 258, 309, 331, 406, 479",2022-07-01,10.24
"3, 33, 42, 43, 44, 101, 104, 108, 110, 111, 113, 119, 120, 141, 176, 201, 236, 249, 258, 309, 331, 406, 479",2022-08-01,5.91
"3, 33, 42, 43, 44, 101, 104, 108, 110, 111, 113, 119, 120, 141, 176, 201, 236, 249, 258, 309, 331, 406, 479",2022-09-01,46.85
"3, 33, 42, 43, 44, 101, 104, 108, 110, 111, 113, 119, 120, 141, 176, 201, 236, 249, 258, 309, 331, 406, 479",2022-10-01,53.15
"3, 33, 42, 43, 44, 101, 104, 108, 110, 111, 113, 119, 120, 141, 176, 201, 236, 249, 258, 309, 331, 406, 479",2022-11-01,100
"3, 33, 42, 43, 44, 101, 104, 108, 110, 111, 113, 119, 120, 141, 176, 201, 236, 249, 258, 309, 331, 406, 479",2022-12-01,100
"3, 33, 42, 43, 44, 101, 108, 110, 113, 119, 141, 176, 201, 249, 258, 294, 309, 330, 331, 406, 479",2022-01-01,96.46
"3, 33, 42, 43, 44, 101, 108, 110, 113, 119, 141, 176, 201, 249, 258, 294, 309, 330, 331, 406, 479",2022-02-01,94.88
"3, 33, 42, 43, 44, 101, 108, 110, 113, 119, 141, 176, 201, 249, 258, 294, 309, 330, 331, 406, 479",2022-03-01,94.88
"3, 33, 42, 43, 44, 101, 108, 110, 113, 119, 141, 176, 201, 249, 258, 294, 309, 330, 331, 406, 479",2022-04-01,60.63
"3, 33, 42, 43, 44, 101, 108, 110, 113, 119, 141, 176, 201, 249, 258, 294, 309, 330, 331, 406, 479",2022-05-01,12.99
"3, 33, 42, 43, 44, 101, 108, 110, 113, 119, 141, 176, 201, 249, 258, 294, 309, 330, 331, 406, 479",2022-11-01,91.34
"3, 33, 42, 43, 44, 101, 108, 110, 113, 119, 141, 176, 201, 249, 258, 294, 309, 330, 331, 406, 479",2022-12-01,96.06
"3, 42, 43, 44, 101, 104, 108, 110, 111, 113, 119, 120, 201, 236, 249, 258, 309, 428, 440, 443, 449, 470, 492",2022-01-01,94.88
"3, 42, 43, 44, 101, 104, 108, 110, 111, 113, 119, 120, 201, 236, 249, 258, 309, 428, 440, 443, 449, 470, 492",2022-02-01,99.61
"3, 42, 43, 44, 101, 104, 108, 110, 111, 113, 119, 120, 201, 236, 249, 258, 309, 428, 440, 443, 449, 470, 492",2022-03-01,100
"3, 42, 43, 44, 101, 104, 108, 110, 111, 113, 119, 120, 201, 236, 249, 258, 309, 428, 440, 443, 449, 470, 492",2022-04-01,100
"3, 42, 43, 44, 101, 104, 108, 110, 111, 113, 119, 120, 201, 236, 249, 258, 309, 428, 440, 443, 449, 470, 492",2022-05-01,11.81
"3, 42, 43, 44, 101, 104, 108, 110, 111, 113, 119, 120, 201, 236, 249, 258, 309, 428, 440, 443, 449, 470, 492",2022-06-01,3.54
"3, 42, 43, 44, 101, 104, 108, 110, 111, 113, 119, 120, 201, 236, 249, 258, 309, 428, 440, 443, 449, 470, 492",2022-09-01,27.56
"3, 42, 43, 44, 101, 104, 108, 110, 111, 113, 119, 120, 201, 236, 249, 258, 309, 428, 440, 443, 449, 470, 492",2022-10-01,4.33
"3, 42, 43, 44, 101, 104, 108, 110, 111, 113, 119, 120, 201, 236, 249, 258, 309, 428, 440, 443, 449, 470, 492",2022-11-01,96.06
"3, 42, 43, 44, 101, 104, 108, 110, 111, 113, 119, 120, 201, 236, 249, 258, 309, 428, 440, 443, 449, 470, 492",2022-12-01,98.43
"3, 42, 43, 44, 104, 108, 110, 111, 113, 119, 120, 139, 201, 236, 258, 309, 366, 419, 428, 440, 443, 449, 470",2022-01-01,75.2
"3, 42, 43, 44, 104, 108, 110, 111, 113, 119, 120, 139, 201, 236, 258, 309, 366, 419, 428, 440, 443, 449, 470",2022-02-01,96.06
"3, 42, 43, 44, 104, 108, 110, 111, 113, 119, 120, 139, 201, 236, 258, 309, 366, 419, 428, 440, 443, 449, 470",2022-03-01,21.65
"3, 42, 43, 44, 104, 108, 110, 111, 113, 119, 120, 139, 201, 236, 258, 309, 366, 419, 428, 440, 443, 449, 470",2022-04-01,11.42
"3, 42, 43, 44, 104, 108, 110, 111, 113, 119, 120, 139, 201, 236, 258, 309, 366, 419, 428, 440, 443, 449, 470",2022-05-01,1.18
"3, 42, 43, 44, 104, 108, 110, 111, 113, 119, 120, 139, 201, 236, 258, 309, 366, 419, 428, 440, 443, 449, 470",2022-11-01,11.02
"3, 42, 43, 44, 104, 108, 110, 111, 113, 119, 120, 139, 201, 236, 258, 309, 366, 419, 428, 440, 443, 449, 470",2022-12-01,95.28
"3, 42, 43, 44, 110, 119, 139, 157, 201, 236, 267, 284, 296, 309, 366, 419, 428, 449",2022-01-01,93.31
"3, 42, 43, 44, 110, 119, 139, 157, 201, 236, 267, 284, 296, 309, 366, 419, 428, 449",2022-02-01,92.52
"3, 42, 43, 44, 110, 119, 139, 157, 201, 236, 267, 284, 296, 309, 366, 419, 428, 449",2022-03-01,50.39
"3, 42, 43, 44, 110, 119, 139, 157, 201, 236, 267, 284, 296, 309, 366, 419, 428, 449",2022-04-01,33.86
"3, 42, 43, 44, 110, 119, 139, 157, 201, 236, 267, 284, 296, 309, 366, 419, 428, 449",2022-05-01,1.57
"3, 42, 43, 44, 110, 119, 139, 157, 201, 236, 267, 284, 296, 309, 366, 419, 428, 449",2022-11-01,35.43
"3, 42, 43, 44, 110, 119, 139, 157, 201, 236, 267, 284, 296, 309, 366, 419, 428, 449",2022-12-01,73.23
"3, 42, 44, 139, 157, 174, 201, 267, 284, 296, 309, 329, 366, 419",2022-01-01,96.06
"3, 42, 44, 139, 157, 174, 201, 267, 284, 296, 309, 329, 366, 419",2022-02-01,99.21
"3, 42, 44, 139, 157, 174, 201, 267, 284, 296, 309, 329, 366, 419",2022-03-01,96.46
"3, 42, 44, 139, 157, 174, 201, 267, 284, 296, 309, 329, 366, 419",2022-04-01,61.02
"3, 42, 44, 139, 157, 174, 201, 267, 284, 296, 309, 329, 366, 419",2022-05-01,13.39
"3, 42, 44, 139, 157, 174, 201, 267, 284, 296, 309, 329, 366, 419",2022-09-01,8.27
"3, 42, 44, 139, 157, 174, 201, 267, 284, 296, 309, 329, 366, 419",2022-11-01,46.46
"3, 42, 44, 139, 157, 174, 201, 267, 284, 296, 309, 329, 366, 419",2022-12-01,87.8
"3, 43, 101, 104, 108, 110, 111, 113, 119, 120, 236, 309, 428, 440, 443, 449, 470, 492",2022-01-01,95.28
"3, 43, 101, 104, 108, 110, 111, 113, 119, 120, 236, 309, 428, 440, 443, 449, 470, 492",2022-02-01,94.49
"3, 43, 101, 104, 108, 110, 111, 113, 119, 120, 236, 309, 428, 440, 443, 449, 470, 492",2022-03-01,97.64
"3, 43, 101, 104, 108, 110, 111, 113, 119, 120, 236, 309, 428, 440, 443, 449, 470, 492",2022-04-01,93.7
"3, 43, 101, 104, 108, 110, 111, 113, 119, 120, 236, 309, 428, 440, 443, 449, 470, 492",2022-05-01,12.99
"3, 43, 101, 104, 108, 110, 111, 113, 119, 120, 236, 309, 428, 440, 443, 449, 470, 492",2022-06-01,0.39
"3, 43, 101, 104, 108, 110, 111, 113, 119, 120, 236, 309, 428, 440, 443, 449, 470, 492",2022-09-01,27.56
"3, 43, 101, 104, 108, 110, 111, 113, 119, 120, 236, 309, 428, 440, 443, 449, 470, 492",2022-10-01,1.57
"3, 43, 101, 104, 108, 110, 111, 113, 119, 120, 236, 309, 428, 440, 443, 449, 470, 492",2022-11-01,90.16
"3, 43, 101, 104, 108, 110, 111, 113, 119, 120, 236, 309, 428, 440, 443, 449, 470, 492",2022-12-01,92.52
"3, 43, 104, 108, 110, 111, 113, 119, 120, 236, 309, 366, 419, 428, 440, 443, 449, 470",2022-01-01,94.09
"3, 43, 104, 108, 110, 111, 113, 119, 120, 236, 309, 366, 419, 428, 440, 443, 449, 470",2022-02-01,96.46
"3, 43, 104, 108, 110, 111, 113, 119, 120, 236, 309, 366, 419, 428, 440, 443, 449, 470",2022-03-01,33.86
"3, 43, 104, 108, 110, 111, 113, 119, 120, 236, 309, 366, 419, 428, 440, 443, 449, 470",2022-04-01,40.16
"3, 43, 104, 108, 110, 111, 113, 119, 120, 236, 309, 366, 419, 428, 440, 443, 449, 470",2022-05-01,0.79
"3, 43, 104, 108, 110, 111, 113, 119, 120, 236, 309, 366, 419, 428, 440, 443, 449, 470",2022-08-01,0.39
"3, 43, 104, 108, 110, 111, 113, 119, 120, 236, 309, 366, 419, 428, 440, 443, 449, 470",2022-11-01,22.05
"3, 43, 104, 108, 110, 111, 113, 119, 120, 236, 309, 366, 419, 428, 440, 443, 449, 470",2022-12-01,92.13
"3, 43, 110, 119, 236, 267, 284, 296, 309, 366, 419, 428, 449",2022-01-01,22.44
4,2022-01-01,98.26083333333334
4,2022-02-01,97.06307692307692
4,2022-03-01,63.598461538461535
4,2022-04-01,34.032222222222224
4,2022-05-01,6.22
4,2022-06-01,29.924999999999997
4,2022-09-01,1.1800000000000002
4,2022-11-01,93.12538461538462
4,2022-12-01,98.6676923076923
"4, 195, 261",2022-01-01,96.65
"4, 195, 261",2022-02-01,94.49
"4, 195, 261",2022-03-01,44.879999999999995
"4, 195, 261",2022-04-01,4.72
"4, 195, 261",2022-09-01,1.97
"4, 195, 261",2022-10-01,0.39
"4, 195, 261",2022-11-01,97.04499999999999
"4, 195, 261",2022-12-01,100
"4, 261",2022-01-01,94.09
"4, 261",2022-02-01,99.21
"4, 261",2022-03-01,22.44
"4, 261",2022-04-01,0.79
"4, 261",2022-11-01,99.61
"4, 261",2022-12-01,98.03
5,2022-01-01,99.06153846153846
5,2022-02-01,99.90923076923077
5,2022-03-01,100
5,2022-04-01,77.558
5,2022-05-01,50
5,2022-10-01,22.835
5,2022-11-01,67.02
5,2022-12-01,99.69692307692307
"5, 482",2022-01-01,99.21333333333334
"5, 482",2022-02-01,100
"5, 482",2022-03-01,99.60666666666667
"5, 482",2022-04-01,89.10666666666667
"5, 482",2022-10-01,17.125
"5, 482",2022-11-01,23.623333333333335
"5, 482",2022-12-01,99.87
"6, 466",2022-01-01,99.90125
"6, 466",2022-02-01,99.16375
"6, 466",2022-03-01,99.2125
"6, 466",2022-04-01,97.835
"6, 466",2022-05-01,85.38375
"6, 466",2022-06-01,35.17
"6, 466",2022-07-01,1.57
"6, 466",2022-08-01,2.36
"6, 466",2022-10-01,56.89
"6, 466",2022-11-01,38.48375
"6, 466",2022-12-01,96.4575
"6, 56, 466",2022-01-01,100
"6, 56, 466",2022-02-01,99.21375
"6, 56, 466",2022-03-01,99.11375
"6, 56, 466",2022-04-01,94.045
"6, 56, 466",2022-05-01,70.71875
"6, 56, 466",2022-06-01,8.27
"6, 56, 466",2022-07-01,8.66
"6, 56, 466",2022-10-01,100
"6, 56, 466",2022-11-01,22.271428571428572
"6, 56, 466",2022-12-01,99.40875
7,2022-06-01,2.755
8,2022-04-01,0.7849999999999999
8,2022-05-01,4.593333333333334
8,2022-06-01,7.876666666666667
8,2022-07-01,6.20125
8,2022-08-01,1.97
"9, 10, 102, 115, 326, 445, 456, 468, 472, 474",2022-01-01,76.77
"9, 10, 102, 115, 326, 445, 456, 468, 472, 474",2022-02-01,85.04
"9, 10, 102, 115, 326, 445, 456, 468, 472, 474",2022-11-01,1.18
"9, 10, 102, 115, 326, 445, 456, 468, 472, 474",2022-12-01,43.31
"9, 10, 35, 37, 92, 102, 109, 112, 114, 122, 148, 222, 240, 252, 308, 370, 372, 395, 403, 442, 456, 465, 472, 478",2022-01-01,94.88
"9, 10, 35, 37, 92, 102, 109, 112, 114, 122, 148, 222, 240, 252, 308, 370, 372, 395, 403, 442, 456, 465, 472, 478",2022-02-01,96.85
"9, 10, 35, 37, 92, 102, 109, 112, 114, 122, 148, 222, 240, 252, 308, 370, 372, 395, 403, 442, 456, 465, 472, 478",2022-03-01,90.55
"9, 10, 35, 37, 92, 102, 109, 112, 114, 122, 148, 222, 240, 252, 308, 370, 372, 395, 403, 442, 456, 465, 472, 478",2022-04-01,1.57
"9, 10, 35, 37, 92, 102, 109, 112, 114, 122, 148, 222, 240, 252, 308, 370, 372, 395, 403, 442, 456, 465, 472, 478",2022-11-01,3.94
"9, 10, 35, 37, 92, 102, 109, 112, 114, 122, 148, 222, 240, 252, 308, 370, 372, 395, 403, 442, 456, 465, 472, 478",2022-12-01,100
"9, 10, 35, 37, 92, 102, 112, 114, 122, 148, 240, 252, 370, 395, 442, 456, 465, 472, 478",2022-01-01,95.28
"9, 10, 35, 37, 92, 102, 112, 114, 122, 148, 240, 252, 370, 395, 442, 456, 465, 472, 478",2022-02-01,98.82
"9, 10, 35, 37, 92, 102, 112, 114, 122, 148, 240, 252, 370, 395, 442, 456, 465, 472, 478",2022-03-01,17.32
"9, 10, 35, 37, 92, 102, 112, 114, 122, 148, 240, 252, 370, 395, 442, 456, 465, 472, 478",2022-04-01,9.06
"9, 10, 35, 37, 92, 102, 112, 114, 122, 148, 240, 252, 370, 395, 442, 456, 465, 472, 478",2022-09-01,0.79
"9, 10, 35, 37, 92, 102, 112, 114, 122, 148, 240, 252, 370, 395, 442, 456, 465, 472, 478",2022-12-01,95.28
"9, 10, 35, 37, 92, 99, 102, 106, 109, 117, 148, 222, 240, 252, 255, 308, 326, 395, 403, 445, 456, 472, 474, 478",2022-01-01,97.24
"9, 10, 35, 37, 92, 99, 102, 106, 109, 117, 148, 222, 240, 252, 255, 308, 326, 395, 403, 445, 456, 472, 474, 478",2022-02-01,98.82
"9, 10, 35, 37, 92, 99, 102, 106, 109, 117, 148, 222, 240, 252, 255, 308, 326, 395, 403, 445, 456, 472, 474, 478",2022-03-01,98.82
"9, 10, 35, 37, 92, 99, 102, 106, 109, 117, 148, 222, 240, 252, 255, 308, 326, 395, 403, 445, 456, 472, 474, 478",2022-04-01,3.94
"9, 10, 35, 37, 92, 99, 102, 106, 109, 117, 148, 222, 240, 252, 255, 308, 326, 395, 403, 445, 456, 472, 474, 478",2022-11-01,24.8
"9, 10, 35, 37, 92, 99, 102, 106, 109, 117, 148, 222, 240, 252, 255, 308, 326, 395, 403, 445, 456, 472, 474, 478",2022-12-01,92.13
"9, 10, 35, 37, 92, 99, 102, 106, 117, 148, 240, 252, 326, 395, 445, 456, 472, 474, 478",2022-01-01,72.44
"9, 10, 35, 37, 92, 99, 102, 106, 117, 148, 240, 252, 326, 395, 445, 456, 472, 474, 478",2022-02-01,56.69
"9, 10, 35, 37, 92, 99, 102, 106, 117, 148, 240, 252, 326, 395, 445, 456, 472, 474, 478",2022-03-01,0.79
"9, 10, 35, 37, 92, 99, 102, 106, 117, 148, 240, 252, 326, 395, 445, 456, 472, 474, 478",2022-04-01,0.79
"9, 10, 35, 37, 92, 99, 102, 106, 117, 148, 240, 252, 326, 395, 445, 456, 472, 474, 478",2022-11-01,0.39
"9, 10, 35, 37, 92, 99, 102, 106, 117, 148, 240, 252, 326, 395, 445, 456, 472, 474, 478",2022-12-01,35.43
"9, 10, 35, 99, 102, 106, 109, 115, 117, 148, 222, 252, 255, 326, 333, 395, 403, 424, 426, 445, 456, 468, 472, 474",2022-01-01,97.64
"9, 10, 35, 99, 102, 106, 109, 115, 117, 148, 222, 252, 255, 326, 333, 395, 403, 424, 426, 445, 456, 468, 472, 474",2022-02-01,97.24
"9, 10, 35, 99, 102, 106, 109, 115, 117, 148, 222, 252, 255, 326, 333, 395, 403, 424, 426, 445, 456, 468, 472, 474",2022-03-01,98.43
"9, 10, 35, 99, 102, 106, 109, 115, 117, 148, 222, 252, 255, 326, 333, 395, 403, 424, 426, 445, 456, 468, 472, 474",2022-04-01,12.6
"9, 10, 35, 99, 102, 106, 109, 115, 117, 148, 222, 252, 255, 326, 333, 395, 403, 424, 426, 445, 456, 468, 472, 474",2022-11-01,13.39
"9, 10, 35, 99, 102, 106, 109, 115, 117, 148, 222, 252, 255, 326, 333, 395, 403, 424, 426, 445, 456, 468, 472, 474",2022-12-01,87.4
"9, 10, 35, 99, 102, 106, 115, 117, 148, 252, 326, 395, 424, 445, 456, 468, 472, 474",2022-01-01,94.49
"9, 10, 35, 99, 102, 106, 115, 117, 148, 252, 326, 395, 424, 445, 456, 468, 472, 474",2022-02-01,98.03
"9, 10, 35, 99, 102, 106, 115, 117, 148, 252, 326, 395, 424, 445, 456, 468, 472, 474",2022-03-01,97.64
"9, 10, 35, 99, 102, 106, 115, 117, 148, 252, 326, 395, 424, 445, 456, 468, 472, 474",2022-04-01,100
"9, 10, 35, 99, 102, 106, 115, 117, 148, 252, 326, 395, 424, 445, 456, 468, 472, 474",2022-05-01,0.39
"9, 10, 35, 99, 102, 106, 115, 117, 148, 252, 326, 395, 424, 445, 456, 468, 472, 474",2022-11-01,24.8
"9, 10, 35, 99, 102, 106, 115, 117, 148, 252, 326, 395, 424, 445, 456, 468, 472, 474",2022-12-01,94.49
"9, 10, 37, 102, 112, 114, 116, 118, 121, 122, 370, 442, 465, 472, 478",2022-01-01,53.54
"9, 10, 37, 102, 112, 114, 116, 118, 121, 122, 370, 442, 465, 472, 478",2022-02-01,2.76
"9, 10, 37, 102, 112, 114, 116, 118, 121, 122, 370, 442, 465, 472, 478",2022-12-01,34.25
"9, 10, 37, 102, 112, 114, 122, 370, 442, 456, 465, 472, 478",2022-01-01,14.96
"9, 10, 37, 102, 112, 114, 122, 370, 442, 456, 465, 472, 478",2022-11-01,12.99
"9, 10, 37, 102, 112, 114, 122, 370, 442, 456, 465, 472, 478",2022-12-01,50
"9, 10, 37, 102, 326, 445, 456, 472, 474, 478",2022-01-01,35.04
"9, 10, 37, 102, 326, 445, 456, 472, 474, 478",2022-02-01,17.32
"9, 10, 37, 102, 326, 445, 456, 472, 474, 478",2022-11-01,12.2
"9, 10, 37, 102, 326, 445, 456, 472, 474, 478",2022-12-01,33.86
"9, 10, 37, 92, 102, 112, 114, 116, 118, 121, 122, 240, 277, 308, 370, 372, 395, 403, 442, 465, 472, 478",2022-01-01,92.13
"9, 10, 37, 92, 102, 112, 114, 116, 118, 121, 122, 240, 277, 308, 370, 372, 395, 403, 442, 465, 472, 478",2022-02-01,97.64
"9, 10, 37, 92, 102, 112, 114, 116, 118, 121, 122, 240, 277, 308, 370, 372, 395, 403, 442, 465, 472, 478",2022-03-01,96.85
"9, 10, 37, 92, 102, 112, 114, 116, 118, 121, 122, 240, 277, 308, 370, 372, 395, 403, 442, 465, 472, 478",2022-04-01,100
"9, 10, 37, 92, 102, 112, 114, 116, 118, 121, 122, 240, 277, 308, 370, 372, 395, 403, 442, 465, 472, 478",2022-05-01,3.94
"9, 10, 37, 92, 102, 112, 114, 116, 118, 121, 122, 240, 277, 308, 370, 372, 395, 403, 442, 465, 472, 478",2022-11-01,90.94
"9, 10, 37, 92, 102, 112, 114, 116, 118, 121, 122, 240, 277, 308, 370, 372, 395, 403, 442, 465, 472, 478",2022-12-01,100
"9, 10, 37, 92, 102, 112, 114, 116, 118, 121, 122, 240, 277, 370, 395, 442, 465, 472, 478",2022-01-01,96.06
"9, 10, 37, 92, 102, 112, 114, 116, 118, 121, 122, 240, 277, 370, 395, 442, 465, 472, 478",2022-02-01,98.43
"9, 10, 37, 92, 102, 112, 114, 116, 118, 121, 122, 240, 277, 370, 395, 442, 465, 472, 478",2022-03-01,91.34
"9, 10, 37, 92, 102, 112, 114, 116, 118, 121, 122, 240, 277, 370, 395, 442, 465, 472, 478",2022-04-01,0.79
"9, 10, 37, 92, 102, 112, 114, 116, 118, 121, 122, 240, 277, 370, 395, 442, 465, 472, 478",2022-10-01,0.39
"9, 10, 37, 92, 102, 112, 114, 116, 118, 121, 122, 240, 277, 370, 395, 442, 465, 472, 478",2022-12-01,90.55
"9, 10, 456, 468, 472",2022-01-01,27.17
"9, 10, 456, 468, 472",2022-11-01,3.15
"9, 10, 456, 468, 472",2022-12-01,30.31
"9, 10, 456, 472, 478",2022-01-01,14.370000000000001
"9, 10, 456, 472, 478",2022-11-01,1.18
"9, 10, 456, 472, 478",2022-12-01,34.65
11,2022-01-01,98.499375
11,2022-02-01,99.040625
11,2022-03-01,91.395
11,2022-04-01,73.05
11,2022-05-01,44.553333333333335
11,2022-06-01,10.892222222222223
11,2022-07-01,0.39
11,2022-08-01,0.39
11,2022-09-01,9.598461538461539
11,2022-11-01,95.37375
11,2022-12-01,97.0475
12,2022-01-01,97.835
12,2022-02-01,96.7025
12,2022-03-01,68.77437499999999
12,2022-04-01,68.504
12,2022-05-01,25.59
12,2022-09-01,0.39
12,2022-10-01,4.92
12,2022-11-01,98.42466666666667
12,2022-12-01,99.188125
13,2022-01-01,97.97571428571429
13,2022-02-01,96.778125
13,2022-03-01,64.616875
13,2022-04-01,41.52333333333333
13,2022-05-01,43.386
13,2022-06-01,5.906666666666667
13,2022-09-01,1.18
13,2022-10-01,3.0700000000000003
13,2022-11-01,94.93333333333334
13,2022-12-01,99.064375
14,2022-01-01,11.809999999999999
14,2022-12-01,44.879999999999995
"14, 147, 339, 364, 422, 496, 497",2022-12-01,50
"14, 36, 47, 55, 96, 97, 100, 105, 147, 339, 364, 414, 417, 418, 422, 423, 496, 497",2022-01-01,93.7
"14, 36, 47, 55, 96, 97, 100, 105, 147, 339, 364, 414, 417, 418, 422, 423, 496, 497",2022-02-01,96.06
"14, 36, 47, 55, 96, 97, 100, 105, 147, 339, 364, 414, 417, 418, 422, 423, 496, 497",2022-03-01,97.64
"14, 36, 47, 55, 96, 97, 100, 105, 147, 339, 364, 414, 417, 418, 422, 423, 496, 497",2022-04-01,3.94
"14, 36, 47, 55, 96, 97, 100, 105, 147, 339, 364, 414, 417, 418, 422, 423, 496, 497",2022-05-01,2.36
"14, 36, 47, 55, 96, 97, 100, 105, 147, 339, 364, 414, 417, 418, 422, 423, 496, 497",2022-11-01,51.97
"14, 36, 47, 55, 96, 97, 100, 105, 147, 339, 364, 414, 417, 418, 422, 423, 496, 497",2022-12-01,100
"14, 39, 103, 105, 107, 161, 205, 228, 418, 423, 439, 458, 469, 496",2022-01-01,96.06
"14, 39, 103, 105, 107, 161, 205, 228, 418, 423, 439, 458, 469, 496",2022-02-01,97.24
"14, 39, 103, 105, 107, 161, 205, 228, 418, 423, 439, 458, 469, 496",2022-03-01,2.36
"14, 39, 103, 105, 107, 161, 205, 228, 418, 423, 439, 458, 469, 496",2022-04-01,3.94
"14, 39, 103, 105, 107, 161, 205, 228, 418, 423, 439, 458, 469, 496",2022-12-01,85.04
"14, 39, 103, 107, 116, 118, 121, 161, 205, 228, 277, 279, 423, 439, 458, 469",2022-01-01,100
"14, 39, 103, 107, 116, 118, 121, 161, 205, 228, 277, 279, 423, 439, 458, 469",2022-02-01,97.24
"14, 39, 103, 107, 116, 118, 121, 161, 205, 228, 277, 279, 423, 439, 458, 469",2022-03-01,8.66
"14, 39, 103, 107, 116, 118, 121, 161, 205, 228, 277, 279, 423, 439, 458, 469",2022-04-01,7.48
"14, 39, 103, 107, 116, 118, 121, 161, 205, 228, 277, 279, 423, 439, 458, 469",2022-11-01,11.42
"14, 39, 103, 107, 116, 118, 121, 161, 205, 228, 277, 279, 423, 439, 458, 469",2022-12-01,100
"14, 39, 103, 107, 116, 118, 121, 161, 205, 228, 277, 423, 439, 458, 469",2022-01-01,95.28
"14, 39, 103, 107, 116, 118, 121, 161, 205, 228, 277, 423, 439, 458, 469",2022-02-01,96.06
"14, 39, 103, 107, 116, 118, 121, 161, 205, 228, 277, 423, 439, 458, 469",2022-03-01,9.06
"14, 39, 103, 107, 116, 118, 121, 161, 205, 228, 277, 423, 439, 458, 469",2022-04-01,3.54
"14, 39, 103, 107, 116, 118, 121, 161, 205, 228, 277, 423, 439, 458, 469",2022-12-01,86.22
"14, 39, 107, 116, 118, 121, 205, 439, 469",2022-01-01,22.83
"14, 39, 107, 116, 118, 121, 205, 439, 469",2022-02-01,0.79
"14, 39, 107, 116, 118, 121, 205, 439, 469",2022-12-01,41.73
"14, 39, 107, 205, 439, 469, 496",2022-01-01,97.64
"14, 39, 107, 205, 439, 469, 496",2022-02-01,7.09
"14, 39, 107, 205, 439, 469, 496",2022-12-01,100
"14, 39, 339, 364, 469, 496, 497",2022-01-01,50.79
"14, 39, 339, 364, 469, 496, 497",2022-12-01,50
"14, 39, 47, 55, 96, 97, 100, 103, 105, 228, 279, 339, 364, 417, 418, 423, 458, 469, 496, 497",2022-01-01,100
"14, 39, 47, 55, 96, 97, 100, 103, 105, 228, 279, 339, 364, 417, 418, 423, 458, 469, 496, 497",2022-02-01,96.85
"14, 39, 47, 55, 96, 97, 100, 103, 105, 228, 279, 339, 364, 417, 418, 423, 458, 469, 496, 497",2022-03-01,100
"14, 39, 47, 55, 96, 97, 100, 103, 105, 228, 279, 339, 364, 417, 418, 423, 458, 469, 496, 497",2022-04-01,8.27
"14, 39, 47, 55, 96, 97, 100, 103, 105, 228, 279, 339, 364, 417, 418, 423, 458, 469, 496, 497",2022-09-01,1.57
"14, 39, 47, 55, 96, 97, 100, 103, 105, 228, 279, 339, 364, 417, 418, 423, 458, 469, 496, 497",2022-12-01,97.24
"14, 39, 55, 100, 103, 105, 107, 161, 205, 228, 279, 418, 423, 439, 458, 469, 496",2022-01-01,95.67
"14, 39, 55, 100, 103, 105, 107, 161, 205, 228, 279, 418, 423, 439, 458, 469, 496",2022-02-01,98.43
"14, 39, 55, 100, 103, 105, 107, 161, 205, 228, 279, 418, 423, 439, 458, 469, 496",2022-03-01,98.03
"14, 39, 55, 100, 103, 105, 107, 161, 205, 228, 279, 418, 423, 439, 458, 469, 496",2022-04-01,94.09
"14, 39, 55, 100, 103, 105, 107, 161, 205, 228, 279, 418, 423, 439, 458, 469, 496",2022-11-01,1.97
"14, 39, 55, 100, 103, 105, 107, 161, 205, 228, 279, 418, 423, 439, 458, 469, 496",2022-12-01,100
"14, 39, 97, 103, 105, 228, 339, 364, 417, 418, 423, 458, 469, 496, 497",2022-01-01,44.88
"14, 39, 97, 103, 105, 228, 339, 364, 417, 418, 423, 458, 469, 496, 497",2022-02-01,27.17
"14, 39, 97, 103, 105, 228, 339, 364, 417, 418, 423, 458, 469, 496, 497",2022-11-01,0.39
"14, 39, 97, 103, 105, 228, 339, 364, 417, 418, 423, 458, 469, 496, 497",2022-12-01,0.79
"14, 439",2022-01-01,7.875
"14, 439",2022-12-01,44.879999999999995
"14, 97, 105, 147, 339, 364, 417, 418, 422, 423, 496, 497",2022-01-01,98.03
"14, 97, 105, 147, 339, 364, 417, 418, 422, 423, 496, 497",2022-02-01,2.76
"14, 97, 105, 147, 339, 364, 417, 418, 422, 423, 496, 497",2022-12-01,55.12
"15, 18, 128, 129, 134, 137, 230, 281, 287, 297, 328, 446, 473, 494",2022-01-01,99.21
"15, 18, 128, 129, 134, 137, 230, 281, 287, 297, 328, 446, 473, 494",2022-02-01,100
"15, 18, 128, 129, 134, 137, 230, 281, 287, 297, 328, 446, 473, 494",2022-03-01,100
"15, 18, 128, 129, 134, 137, 230, 281, 287, 297, 328, 446, 473, 494",2022-04-01,78.74
"15, 18, 128, 129, 134, 137, 230, 281, 287, 297, 328, 446, 473, 494",2022-05-01,41.73
"15, 18, 128, 129, 134, 137, 230, 281, 287, 297, 328, 446, 473, 494",2022-06-01,10.24
"15, 18, 128, 129, 134, 137, 230, 281, 287, 297, 328, 446, 473, 494",2022-07-01,7.48
"15, 18, 128, 129, 134, 137, 230, 281, 287, 297, 328, 446, 473, 494",2022-08-01,8.27
"15, 18, 128, 129, 134, 137, 230, 281, 287, 297, 328, 446, 473, 494",2022-09-01,8.66
"15, 18, 128, 129, 134, 137, 230, 281, 287, 297, 328, 446, 473, 494",2022-10-01,19.29
"15, 18, 128, 129, 134, 137, 230, 281, 287, 297, 328, 446, 473, 494",2022-11-01,20.47
"15, 18, 128, 129, 134, 137, 230, 281, 287, 297, 328, 446, 473, 494",2022-12-01,100
"15, 18, 128, 129, 134, 140, 143, 145, 146, 328",2022-01-01,0.79
"15, 18, 128, 129, 134, 140, 143, 145, 146, 328",2022-02-01,12.99
"15, 18, 128, 129, 134, 140, 143, 145, 146, 328",2022-03-01,13.39
"15, 18, 128, 129, 134, 140, 143, 145, 146, 328",2022-04-01,11.81
"15, 18, 128, 129, 134, 140, 143, 145, 146, 328",2022-05-01,0.39
"15, 18, 128, 129, 134, 140, 143, 145, 146, 328",2022-11-01,48.82
"15, 18, 128, 129, 134, 140, 143, 145, 146, 328",2022-12-01,95.67
"15, 18, 128, 129, 134, 281, 287, 328, 446, 473, 494",2022-01-01,2.36
"15, 18, 128, 129, 134, 281, 287, 328, 446, 473, 494",2022-02-01,5.12
"15, 18, 128, 129, 134, 281, 287, 328, 446, 473, 494",2022-03-01,6.69
"15, 18, 128, 129, 134, 281, 287, 328, 446, 473, 494",2022-04-01,0.79
"15, 18, 128, 129, 134, 281, 287, 328, 446, 473, 494",2022-11-01,2.36
"15, 18, 128, 129, 134, 281, 287, 328, 446, 473, 494",2022-12-01,92.13
"15, 18, 128, 129, 134, 328",2022-01-01,9.84
"15, 18, 128, 129, 134, 328",2022-02-01,25.195
"15, 18, 128, 129, 134, 328",2022-03-01,18.9
"15, 18, 128, 129, 134, 328",2022-04-01,7.09
"15, 18, 128, 129, 134, 328",2022-05-01,1.97
"15, 18, 128, 129, 134, 328",2022-11-01,2.36
"15, 18, 128, 129, 134, 328",2022-12-01,37.205
"15, 18, 32, 45, 57, 70, 78, 124, 129, 134, 137, 140, 143, 144, 145, 146, 230, 287, 290, 297, 446, 473, 494",2022-01-01,89.37
"15, 18, 32, 45, 57, 70, 78, 124, 129, 134, 137, 140, 143, 144, 145, 146, 230, 287, 290, 297, 446, 473, 494",2022-02-01,89.37
"15, 18, 32, 45, 57, 70, 78, 124, 129, 134, 137, 140, 143, 144, 145, 146, 230, 287, 290, 297, 446, 473, 494",2022-03-01,57.09
"15, 18, 32, 45, 57, 70, 78, 124, 129, 134, 137, 140, 143, 144, 145, 146, 230, 287, 290, 297, 446, 473, 494",2022-04-01,45.67
"15, 18, 32, 45, 57, 70, 78, 124, 129, 134, 137, 140, 143, 144, 145, 146, 230, 287, 290, 297, 446, 473, 494",2022-05-01,9.84
"15, 18, 32, 45, 57, 70, 78, 124, 129, 134, 137, 140, 143, 144, 145, 146, 230, 287, 290, 297, 446, 473, 494",2022-10-01,2.76
"15, 18, 32, 45, 57, 70, 78, 124, 129, 134, 137, 140, 143, 144, 145, 146, 230, 287, 290, 297, 446, 473, 494",2022-11-01,88.19
"15, 18, 32, 45, 57, 70, 78, 124, 129, 134, 137, 140, 143, 144, 145, 146, 230, 287, 290, 297, 446, 473, 494",2022-12-01,100
"15, 18, 32, 45, 78, 124, 129, 134, 135, 136, 137, 140, 143, 144, 145, 146, 219, 230, 287, 290, 297, 307, 381, 446, 473, 494",2022-01-01,92.13
"15, 18, 32, 45, 78, 124, 129, 134, 135, 136, 137, 140, 143, 144, 145, 146, 219, 230, 287, 290, 297, 307, 381, 446, 473, 494",2022-02-01,91.73
"15, 18, 32, 45, 78, 124, 129, 134, 135, 136, 137, 140, 143, 144, 145, 146, 219, 230, 287, 290, 297, 307, 381, 446, 473, 494",2022-03-01,38.58
"15, 18, 32, 45, 78, 124, 129, 134, 135, 136, 137, 140, 143, 144, 145, 146, 219, 230, 287, 290, 297, 307, 381, 446, 473, 494",2022-04-01,15.75
"15, 18, 32, 45, 78, 124, 129, 134, 135, 136, 137, 140, 143, 144, 145, 146, 219, 230, 287, 290, 297, 307, 381, 446, 473, 494",2022-05-01,1.18
"15, 18, 32, 45, 78, 124, 129, 134, 135, 136, 137, 140, 143, 144, 145, 146, 219, 230, 287, 290, 297, 307, 381, 446, 473, 494",2022-11-01,86.22
"15, 18, 32, 45, 78, 124, 129, 134, 135, 136, 137, 140, 143, 144, 145, 146, 219, 230, 287, 290, 297, 307, 381, 446, 473, 494",2022-12-01,92.13
"15, 18, 32, 57, 70, 73, 78, 124, 129, 134, 140, 143, 145, 146",2022-01-01,30.71
"15, 18, 32, 57, 70, 73, 78, 124, 129, 134, 140, 143, 145, 146",2022-02-01,28.35
"15, 18, 32, 57, 70, 73, 78, 124, 129, 134, 140, 143, 145, 146",2022-03-01,78.35
"15, 18, 32, 57, 70, 73, 78, 124, 129, 134, 140, 143, 145, 146",2022-04-01,76.38
"15, 18, 32, 57, 70, 73, 78, 124, 129, 134, 140, 143, 145, 146",2022-05-01,16.14
"15, 18, 32, 57, 70, 73, 78, 124, 129, 134, 140, 143, 145, 146",2022-11-01,94.88
"15, 18, 32, 57, 70, 73, 78, 124, 129, 134, 140, 143, 145, 146",2022-12-01,99.21
"15, 18, 45, 128, 129, 134, 137, 140, 143, 145, 146, 230, 281, 287, 297, 328, 446, 473, 494",2022-01-01,91.34
"15, 18, 45, 128, 129, 134, 137, 140, 143, 145, 146, 230, 281, 287, 297, 328, 446, 473, 494",2022-02-01,100
"15, 18, 45, 128, 129, 134, 137, 140, 143, 145, 146, 230, 281, 287, 297, 328, 446, 473, 494",2022-03-01,100
"15, 18, 45, 128, 129, 134, 137, 140, 143, 145, 146, 230, 281, 287, 297, 328, 446, 473, 494",2022-04-01,31.89
"15, 18, 45, 128, 129, 134, 137, 140, 143, 145, 146, 230, 281, 287, 297, 328, 446, 473, 494",2022-05-01,4.33
"15, 18, 45, 128, 129, 134, 137, 140, 143, 145, 146, 230, 281, 287, 297, 328, 446, 473, 494",2022-11-01,99.21
"15, 18, 45, 128, 129, 134, 137, 140, 143, 145, 146, 230, 281, 287, 297, 328, 446, 473, 494",2022-12-01,100
"15, 18, 45, 76, 128, 129, 134, 135, 136, 137, 140, 143, 145, 146, 183, 219, 230, 281, 287, 297, 307, 325, 328, 446, 473, 494",2022-01-01,98.03
"15, 18, 45, 76, 128, 129, 134, 135, 136, 137, 140, 143, 145, 146, 183, 219, 230, 281, 287, 297, 307, 325, 328, 446, 473, 494",2022-02-01,100
"15, 18, 45, 76, 128, 129, 134, 135, 136, 137, 140, 143, 145, 146, 183, 219, 230, 281, 287, 297, 307, 325, 328, 446, 473, 494",2022-03-01,94.49
"15, 18, 45, 76, 128, 129, 134, 135, 136, 137, 140, 143, 145, 146, 183, 219, 230, 281, 287, 297, 307, 325, 328, 446, 473, 494",2022-04-01,57.48
"15, 18, 45, 76, 128, 129, 134, 135, 136, 137, 140, 143, 145, 146, 183, 219, 230, 281, 287, 297, 307, 325, 328, 446, 473, 494",2022-05-01,20.47
"15, 18, 45, 76, 128, 129, 134, 135, 136, 137, 140, 143, 145, 146, 183, 219, 230, 281, 287, 297, 307, 325, 328, 446, 473, 494",2022-10-01,0.39
"15, 18, 45, 76, 128, 129, 134, 135, 136, 137, 140, 143, 145, 146, 183, 219, 230, 281, 287, 297, 307, 325, 328, 446, 473, 494",2022-11-01,74.8
"15, 18, 45, 76, 128, 129, 134, 135, 136, 137, 140, 143, 145, 146, 183, 219, 230, 281, 287, 297, 307, 325, 328, 446, 473, 494",2022-12-01,98.03
"15, 18, 76, 128, 129, 134, 137, 183, 219, 230, 281, 287, 297, 307, 325, 328, 446, 451, 473, 494",2022-01-01,95.67
"15, 18, 76, 128, 129, 134, 137, 183, 219, 230, 281, 287, 297, 307, 325, 328, 446, 451, 473, 494",2022-02-01,94.09
"15, 18, 76, 128, 129, 134, 137, 183, 219, 230, 281, 287, 297, 307, 325, 328, 446, 451, 473, 494",2022-03-01,88.19
"15, 18, 76, 128, 129, 134, 137, 183, 219, 230, 281, 287, 297, 307, 325, 328, 446, 451, 473, 494",2022-04-01,25.2
"15, 18, 76, 128, 129, 134, 137, 183, 219, 230, 281, 287, 297, 307, 325, 328, 446, 451, 473, 494",2022-05-01,5.12
"15, 18, 76, 128, 129, 134, 137, 183, 219, 230, 281, 287, 297, 307, 325, 328, 446, 451, 473, 494",2022-10-01,0.39
"15, 18, 76, 128, 129, 134, 137, 183, 219, 230, 281, 287, 297, 307, 325, 328, 446, 451, 473, 494",2022-11-01,95.28
"15, 18, 76, 128, 129, 134, 137, 183, 219, 230, 281, 287, 297, 307, 325, 328, 446, 451, 473, 494",2022-12-01,96.06
"15, 18, 76, 128, 129, 134, 183, 281, 287, 307, 325, 328, 446, 451, 473, 494",2022-01-01,77.95
"15, 18, 76, 128, 129, 134, 183, 281, 287, 307, 325, 328, 446, 451, 473, 494",2022-02-01,87.01
"15, 18, 76, 128, 129, 134, 183, 281, 287, 307, 325, 328, 446, 451, 473, 494",2022-03-01,3.54
"15, 18, 76, 128, 129, 134, 183, 281, 287, 307, 325, 328, 446, 451, 473, 494",2022-04-01,17.72
"15, 18, 76, 128, 129, 134, 183, 281, 287, 307, 325, 328, 446, 451, 473, 494",2022-11-01,53.15
"15, 18, 76, 128, 129, 134, 183, 281, 287, 307, 325, 328, 446, 451, 473, 494",2022-12-01,100
"15, 45, 76, 128, 134, 135, 136, 137, 140, 143, 145, 146, 183, 219, 230, 281, 287, 297, 307, 317, 318, 325, 446, 473, 489, 494",2022-01-01,94.88
"15, 45, 76, 128, 134, 135, 136, 137, 140, 143, 145, 146, 183, 219, 230, 281, 287, 297, 307, 317, 318, 325, 446, 473, 489, 494",2022-02-01,97.64
"15, 45, 76, 128, 134, 135, 136, 137, 140, 143, 145, 146, 183, 219, 230, 281, 287, 297, 307, 317, 318, 325, 446, 473, 489, 494",2022-03-01,99.21
"15, 45, 76, 128, 134, 135, 136, 137, 140, 143, 145, 146, 183, 219, 230, 281, 287, 297, 307, 317, 318, 325, 446, 473, 489, 494",2022-04-01,49.61
"15, 45, 76, 128, 134, 135, 136, 137, 140, 143, 145, 146, 183, 219, 230, 281, 287, 297, 307, 317, 318, 325, 446, 473, 489, 494",2022-05-01,8.66
"15, 45, 76, 128, 134, 135, 136, 137, 140, 143, 145, 146, 183, 219, 230, 281, 287, 297, 307, 317, 318, 325, 446, 473, 489, 494",2022-06-01,2.76
"15, 45, 76, 128, 134, 135, 136, 137, 140, 143, 145, 146, 183, 219, 230, 281, 287, 297, 307, 317, 318, 325, 446, 473, 489, 494",2022-09-01,1.57
"15, 45, 76, 128, 134, 135, 136, 137, 140, 143, 145, 146, 183, 219, 230, 281, 287, 297, 307, 317, 318, 325, 446, 473, 489, 494",2022-10-01,5.91
"15, 45, 76, 128, 134, 135, 136, 137, 140, 143, 145, 146, 183, 219, 230, 281, 287, 297, 307, 317, 318, 325, 446, 473, 489, 494",2022-11-01,78.74
"15, 45, 76, 128, 134, 135, 136, 137, 140, 143, 145, 146, 183, 219, 230, 281, 287, 297, 307, 317, 318, 325, 446, 473, 489, 494",2022-12-01,94.09
"15, 45, 78, 134, 135, 136, 137, 140, 143, 144, 145, 146, 219, 230, 287, 290, 297, 307, 381, 446, 473, 489, 494",2022-01-01,96.06
"15, 45, 78, 134, 135, 136, 137, 140, 143, 144, 145, 146, 219, 230, 287, 290, 297, 307, 381, 446, 473, 489, 494",2022-02-01,98.03
"15, 45, 78, 134, 135, 136, 137, 140, 143, 144, 145, 146, 219, 230, 287, 290, 297, 307, 381, 446, 473, 489, 494",2022-03-01,99.61
"15, 45, 78, 134, 135, 136, 137, 140, 143, 144, 145, 146, 219, 230, 287, 290, 297, 307, 381, 446, 473, 489, 494",2022-04-01,99.21
"15, 45, 78, 134, 135, 136, 137, 140, 143, 144, 145, 146, 219, 230, 287, 290, 297, 307, 381, 446, 473, 489, 494",2022-05-01,42.13
"15, 45, 78, 134, 135, 136, 137, 140, 143, 144, 145, 146, 219, 230, 287, 290, 297, 307, 381, 446, 473, 489, 494",2022-06-01,9.45
"15, 45, 78, 134, 135, 136, 137, 140, 143, 144, 145, 146, 219, 230, 287, 290, 297, 307, 381, 446, 473, 489, 494",2022-07-01,0.79
"15, 45, 78, 134, 135, 136, 137, 140, 143, 144, 145, 146, 219, 230, 287, 290, 297, 307, 381, 446, 473, 489, 494",2022-09-01,6.69
"15, 45, 78, 134, 135, 136, 137, 140, 143, 144, 145, 146, 219, 230, 287, 290, 297, 307, 381, 446, 473, 489, 494",2022-10-01,15.75
"15, 45, 78, 134, 135, 136, 137, 140, 143, 144, 145, 146, 219, 230, 287, 290, 297, 307, 381, 446, 473, 489, 494",2022-11-01,100
"15, 45, 78, 134, 135, 136, 137, 140, 143, 144, 145, 146, 219, 230, 287, 290, 297, 307, 381, 446, 473, 489, 494",2022-12-01,96.46
"15, 76, 128, 134, 137, 183, 219, 230, 281, 283, 287, 297, 307, 317, 318, 325, 377, 446, 451, 473, 494",2022-01-01,96.06
"15, 76, 128, 134, 137, 183, 219, 230, 281, 283, 287, 297, 307, 317, 318, 325, 377, 446, 451, 473, 494",2022-02-01,96.85
"15, 76, 128, 134, 137, 183, 219, 230, 281, 283, 287, 297, 307, 317, 318, 325, 377, 446, 451, 473, 494",2022-03-01,100
"15, 76, 128, 134, 137, 183, 219, 230, 281, 283, 287, 297, 307, 317, 318, 325, 377, 446, 451, 473, 494",2022-04-01,100
"15, 76, 128, 134, 137, 183, 219, 230, 281, 283, 287, 297, 307, 317, 318, 325, 377, 446, 451, 473, 494",2022-05-01,64.17
"15, 76, 128, 134, 137, 183, 219, 230, 281, 283, 287, 297, 307, 317, 318, 325, 377, 446, 451, 473, 494",2022-06-01,43.7
"15, 76, 128, 134, 137, 183, 219, 230, 281, 283, 287, 297, 307, 317, 318, 325, 377, 446, 451, 473, 494",2022-07-01,12.2
"15, 76, 128, 134, 137, 183, 219, 230, 281, 283, 287, 297, 307, 317, 318, 325, 377, 446, 451, 473, 494",2022-08-01,4.72
"15, 76, 128, 134, 137, 183, 219, 230, 281, 283, 287, 297, 307, 317, 318, 325, 377, 446, 451, 473, 494",2022-09-01,14.57
"15, 76, 128, 134, 137, 183, 219, 230, 281, 283, 287, 297, 307, 317, 318, 325, 377, 446, 451, 473, 494",2022-11-01,91.34
"15, 76, 128, 134, 137, 183, 219, 230, 281, 283, 287, 297, 307, 317, 318, 325, 377, 446, 451, 473, 494",2022-12-01,100
"15, 76, 128, 134, 138, 183, 247, 281, 283, 287, 307, 317, 318, 325, 377, 398, 446, 451, 473, 494",2022-01-01,99.61
"15, 76, 128, 134, 138, 183, 247, 281, 283, 287, 307, 317, 318, 325, 377, 398, 446, 451, 473, 494",2022-02-01,98.03
"15, 76, 128, 134, 138, 183, 247, 281, 283, 287, 307, 317, 318, 325, 377, 398, 446, 451, 473, 494",2022-03-01,41.34
"15, 76, 128, 134, 138, 183, 247, 281, 283, 287, 307, 317, 318, 325, 377, 398, 446, 451, 473, 494",2022-04-01,37.4
"15, 76, 128, 134, 138, 183, 247, 281, 283, 287, 307, 317, 318, 325, 377, 398, 446, 451, 473, 494",2022-05-01,3.94
"15, 76, 128, 134, 138, 183, 247, 281, 283, 287, 307, 317, 318, 325, 377, 398, 446, 451, 473, 494",2022-11-01,96.46
"15, 76, 128, 134, 138, 183, 247, 281, 283, 287, 307, 317, 318, 325, 377, 398, 446, 451, 473, 494",2022-12-01,97.24
16,2022-01-01,23.62
16,2022-02-01,2.76
16,2022-03-01,22.830000000000002
16,2022-04-01,44.09
16,2022-05-01,83.33333333333333
16,2022-06-01,92.52333333333333
16,2022-07-01,99.08
16,2022-08-01,98.42333333333333
16,2022-09-01,46.45666666666666
16,2022-10-01,38.32
16,2022-11-01,3.94
16,2022-12-01,7.216666666666667
"16, 30, 48",2022-01-01,1.575
"16, 30, 48",2022-05-01,26.465555555555557
"16, 30, 48",2022-06-01,84.89545454545454
"16, 30, 48",2022-07-01,90.6590909090909
"16, 30, 48",2022-08-01,87.755
"16, 30, 48",2022-09-01,64.646
"16, 30, 48",2022-10-01,61.635555555555555
"16, 30, 48",2022-11-01,13.385
"16, 30, 48",2022-12-01,2.124
"17, 103, 126, 130, 161, 167, 228, 243, 276, 277, 279, 285, 324, 365, 423, 458",2022-01-01,97.64
"17, 103, 126, 130, 161, 167, 228, 243, 276, 277, 279, 285, 324, 365, 423, 458",2022-02-01,91.34
"17, 103, 126, 130, 161, 167, 228, 243, 276, 277, 279, 285, 324, 365, 423, 458",2022-03-01,86.22
"17, 103, 126, 130, 161, 167, 228, 243, 276, 277, 279, 285, 324, 365, 423, 458",2022-04-01,51.97
"17, 103, 126, 130, 161, 167, 228, 243, 276, 277, 279, 285, 324, 365, 423, 458",2022-05-01,0.79
"17, 103, 126, 130, 161, 167, 228, 243, 276, 277, 279, 285, 324, 365, 423, 458",2022-10-01,0.39
"17, 103, 126, 130, 161, 167, 228, 243, 276, 277, 279, 285, 324, 365, 423, 458",2022-11-01,26.77
"17, 103, 126, 130, 161, 167, 228, 243, 276, 277, 279, 285, 324, 365, 423, 458",2022-12-01,98.03
"17, 103, 126, 130, 161, 167, 228, 243, 276, 277, 279, 324, 372, 458",2022-01-01,98.03
"17, 103, 126, 130, 161, 167, 228, 243, 276, 277, 279, 324, 372, 458",2022-02-01,90.16
"17, 103, 126, 130, 161, 167, 228, 243, 276, 277, 279, 324, 372, 458",2022-03-01,91.34
"17, 103, 126, 130, 161, 167, 228, 243, 276, 277, 279, 324, 372, 458",2022-04-01,36.61
"17, 103, 126, 130, 161, 167, 228, 243, 276, 277, 279, 324, 372, 458",2022-05-01,4.33
"17, 103, 126, 130, 161, 167, 228, 243, 276, 277, 279, 324, 372, 458",2022-06-01,1.57
"17, 103, 126, 130, 161, 167, 228, 243, 276, 277, 279, 324, 372, 458",2022-07-01,1.97
"17, 103, 126, 130, 161, 167, 228, 243, 276, 277, 279, 324, 372, 458",2022-08-01,0.39
"17, 103, 126, 130, 161, 167, 228, 243, 276, 277, 279, 324, 372, 458",2022-09-01,2.36
"17, 103, 126, 130, 161, 167, 228, 243, 276, 277, 279, 324, 372, 458",2022-10-01,7.48
"17, 103, 126, 130, 161, 167, 228, 243, 276, 277, 279, 324, 372, 458",2022-11-01,98.82
"17, 103, 126, 130, 161, 167, 228, 243, 276, 277, 279, 324, 372, 458",2022-12-01,96.46
"17, 126, 130, 167, 232, 243, 262, 276, 279, 282, 285, 324, 353, 365, 476, 477",2022-01-01,95.67
"17, 126, 130, 167, 232, 243, 262, 276, 279, 282, 285, 324, 353, 365, 476, 477",2022-02-01,97.64
"17, 126, 130, 167, 232, 243, 262, 276, 279, 282, 285, 324, 353, 365, 476, 477",2022-03-01,96.06
"17, 126, 130, 167, 232, 243, 262, 276, 279, 282, 285, 324, 353, 365, 476, 477",2022-04-01,100
"17, 126, 130, 167, 232, 243, 262, 276, 279, 282, 285, 324, 353, 365, 476, 477",2022-05-01,2.36
"17, 126, 130, 167, 232, 243, 262, 276, 279, 282, 285, 324, 353, 365, 476, 477",2022-11-01,99.21
"17, 126, 130, 167, 232, 243, 262, 276, 279, 282, 285, 324, 353, 365, 476, 477",2022-12-01,100
"17, 126, 130, 167, 232, 243, 262, 276, 279, 282, 324, 372, 477",2022-01-01,96.06
"17, 126, 130, 167, 232, 243, 262, 276, 279, 282, 324, 372, 477",2022-02-01,98.03
"17, 126, 130, 167, 232, 243, 262, 276, 279, 282, 324, 372, 477",2022-03-01,99.21
"17, 126, 130, 167, 232, 243, 262, 276, 279, 282, 324, 372, 477",2022-04-01,81.89
"17, 126, 130, 167, 232, 243, 262, 276, 279, 282, 324, 372, 477",2022-05-01,3.15
"17, 126, 130, 167, 232, 243, 262, 276, 279, 282, 324, 372, 477",2022-11-01,65.75
"17, 126, 130, 167, 232, 243, 262, 276, 279, 282, 324, 372, 477",2022-12-01,96.85
"17, 126, 130, 167, 232, 243, 262, 276, 282, 285, 324, 353, 365, 476, 477",2022-01-01,98.43
"17, 126, 130, 167, 232, 243, 262, 276, 282, 285, 324, 353, 365, 476, 477",2022-02-01,97.64
"17, 126, 130, 167, 232, 243, 262, 276, 282, 285, 324, 353, 365, 476, 477",2022-03-01,94.49
"17, 126, 130, 167, 232, 243, 262, 276, 282, 285, 324, 353, 365, 476, 477",2022-04-01,69.29
"17, 126, 130, 167, 232, 243, 262, 276, 282, 285, 324, 353, 365, 476, 477",2022-05-01,7.09
"17, 126, 130, 167, 232, 243, 262, 276, 282, 285, 324, 353, 365, 476, 477",2022-11-01,59.06
"17, 126, 130, 167, 232, 243, 262, 276, 282, 285, 324, 353, 365, 476, 477",2022-12-01,99.21
"17, 126, 130, 167, 232, 243, 262, 276, 282, 324, 477",2022-01-01,83.07
"17, 126, 130, 167, 232, 243, 262, 276, 282, 324, 477",2022-02-01,59.06
"17, 126, 130, 167, 232, 243, 262, 276, 282, 324, 477",2022-03-01,95.28
"17, 126, 130, 167, 232, 243, 262, 276, 282, 324, 477",2022-04-01,28.35
"17, 126, 130, 167, 232, 243, 262, 276, 282, 324, 477",2022-12-01,97.24
"17, 126, 167, 232, 262, 276, 282, 285, 305, 353, 365, 476, 477",2022-01-01,87.01
"17, 126, 167, 232, 262, 276, 282, 285, 305, 353, 365, 476, 477",2022-02-01,7.09
"17, 126, 167, 232, 262, 276, 282, 285, 305, 353, 365, 476, 477",2022-03-01,0.79
"17, 126, 167, 232, 262, 276, 282, 285, 305, 353, 365, 476, 477",2022-04-01,0.39
"17, 126, 167, 232, 262, 276, 282, 285, 305, 353, 365, 476, 477",2022-12-01,86.61
"17, 126, 167, 232, 262, 276, 282, 305, 477",2022-03-01,1.18
"17, 126, 167, 232, 262, 276, 282, 305, 477",2022-12-01,31.89
"17, 130, 167, 232, 246, 262, 276, 282, 285, 324, 353, 365, 397, 434, 476, 477",2022-01-01,99.21
"17, 130, 167, 232, 246, 262, 276, 282, 285, 324, 353, 365, 397, 434, 476, 477",2022-02-01,99.61
"17, 130, 167, 232, 246, 262, 276, 282, 285, 324, 353, 365, 397, 434, 476, 477",2022-03-01,33.86
"17, 130, 167, 232, 246, 262, 276, 282, 285, 324, 353, 365, 397, 434, 476, 477",2022-04-01,6.3
"17, 130, 167, 232, 246, 262, 276, 282, 285, 324, 353, 365, 397, 434, 476, 477",2022-05-01,0.39
"17, 130, 167, 232, 246, 262, 276, 282, 285, 324, 353, 365, 397, 434, 476, 477",2022-11-01,50
"17, 130, 167, 232, 246, 262, 276, 282, 285, 324, 353, 365, 397, 434, 476, 477",2022-12-01,95.67
"17, 167, 232, 246, 262, 276, 282, 285, 305, 353, 365, 434, 476, 477",2022-01-01,100
"17, 167, 232, 246, 262, 276, 282, 285, 305, 353, 365, 434, 476, 477",2022-02-01,94.49
"17, 167, 232, 246, 262, 276, 282, 285, 305, 353, 365, 434, 476, 477",2022-03-01,95.67
"17, 167, 232, 246, 262, 276, 282, 285, 305, 353, 365, 434, 476, 477",2022-04-01,98.82
"17, 167, 232, 246, 262, 276, 282, 285, 305, 353, 365, 434, 476, 477",2022-05-01,1.18
"17, 167, 232, 246, 262, 276, 282, 285, 305, 353, 365, 434, 476, 477",2022-10-01,0.79
"17, 167, 232, 246, 262, 276, 282, 285, 305, 353, 365, 434, 476, 477",2022-11-01,100
"17, 167, 232, 246, 262, 276, 282, 285, 305, 353, 365, 434, 476, 477",2022-12-01,98.82
"17, 246, 262, 276, 282, 285, 305, 353, 365, 376, 385, 434, 476, 477",2022-01-01,91.34
"17, 246, 262, 276, 282, 285, 305, 353, 365, 376, 385, 434, 476, 477",2022-02-01,55.51
"17, 246, 262, 276, 282, 285, 305, 353, 365, 376, 385, 434, 476, 477",2022-03-01,5.51
"17, 246, 262, 276, 282, 285, 305, 353, 365, 376, 385, 434, 476, 477",2022-04-01,0.39
"17, 246, 262, 276, 282, 285, 305, 353, 365, 376, 385, 434, 476, 477",2022-11-01,30.31
"17, 246, 262, 276, 282, 285, 305, 353, 365, 376, 385, 434, 476, 477",2022-12-01,95.28
"17, 246, 262, 276, 282, 285, 324, 353, 365, 376, 385, 397, 432, 434, 476, 477",2022-01-01,26.77
"17, 246, 262, 276, 282, 285, 324, 353, 365, 376, 385, 397, 432, 434, 476, 477",2022-02-01,3.94
"17, 246, 262, 276, 282, 285, 324, 353, 365, 376, 385, 397, 432, 434, 476, 477",2022-11-01,0.79
"17, 246, 262, 276, 282, 285, 324, 353, 365, 376, 385, 397, 432, 434, 476, 477",2022-12-01,91.34
"17, 47, 55, 96, 100, 262, 276, 279, 282, 285, 324, 353, 365, 376, 397, 432, 476, 477",2022-01-01,79.53
"17, 47, 55, 96, 100, 262, 276, 279, 282, 285, 324, 353, 365, 376, 397, 432, 476, 477",2022-02-01,84.65
"17, 47, 55, 96, 100, 262, 276, 279, 282, 285, 324, 353, 365, 376, 397, 432, 476, 477",2022-03-01,39.76
"17, 47, 55, 96, 100, 262, 276, 279, 282, 285, 324, 353, 365, 376, 397, 432, 476, 477",2022-04-01,89.37
"17, 47, 55, 96, 100, 262, 276, 279, 282, 285, 324, 353, 365, 376, 397, 432, 476, 477",2022-11-01,4.72
"17, 47, 55, 96, 100, 262, 276, 279, 282, 285, 324, 353, 365, 376, 397, 432, 476, 477",2022-12-01,100
"17, 47, 55, 96, 97, 100, 103, 105, 228, 276, 279, 285, 324, 365, 397, 417, 418, 423, 432, 458",2022-01-01,96.85
"17, 47, 55, 96, 97, 100, 103, 105, 228, 276, 279, 285, 324, 365, 397, 417, 418, 423, 432, 458",2022-02-01,92.52
"17, 47, 55, 96, 97, 100, 103, 105, 228, 276, 279, 285, 324, 365, 397, 417, 418, 423, 432, 458",2022-03-01,88.98
"17, 47, 55, 96, 97, 100, 103, 105, 228, 276, 279, 285, 324, 365, 397, 417, 418, 423, 432, 458",2022-04-01,22.44
"17, 47, 55, 96, 97, 100, 103, 105, 228, 276, 279, 285, 324, 365, 397, 417, 418, 423, 432, 458",2022-11-01,46.46
"17, 47, 55, 96, 97, 100, 103, 105, 228, 276, 279, 285, 324, 365, 397, 417, 418, 423, 432, 458",2022-12-01,95.67
"17, 55, 100, 103, 105, 130, 161, 167, 228, 276, 279, 285, 324, 365, 397, 418, 423, 458",2022-01-01,94.49
"17, 55, 100, 103, 105, 130, 161, 167, 228, 276, 279, 285, 324, 365, 397, 418, 423, 458",2022-02-01,97.64
"17, 55, 100, 103, 105, 130, 161, 167, 228, 276, 279, 285, 324, 365, 397, 418, 423, 458",2022-03-01,79.13
"17, 55, 100, 103, 105, 130, 161, 167, 228, 276, 279, 285, 324, 365, 397, 418, 423, 458",2022-04-01,59.45
"17, 55, 100, 103, 105, 130, 161, 167, 228, 276, 279, 285, 324, 365, 397, 418, 423, 458",2022-05-01,0.79
"17, 55, 100, 103, 105, 130, 161, 167, 228, 276, 279, 285, 324, 365, 397, 418, 423, 458",2022-12-01,99.21
"17, 55, 100, 130, 167, 232, 262, 276, 279, 282, 285, 324, 353, 365, 397, 476, 477",2022-01-01,87.01
"17, 55, 100, 130, 167, 232, 262, 276, 279, 282, 285, 324, 353, 365, 397, 476, 477",2022-02-01,12.2
"17, 55, 100, 130, 167, 232, 262, 276, 279, 282, 285, 324, 353, 365, 397, 476, 477",2022-04-01,0.39
"17, 55, 100, 130, 167, 232, 262, 276, 279, 282, 285, 324, 353, 365, 397, 476, 477",2022-11-01,2.36
"17, 55, 100, 130, 167, 232, 262, 276, 279, 282, 285, 324, 353, 365, 397, 476, 477",2022-12-01,100
"18, 129, 328",2022-02-01,1.18
"18, 129, 328",2022-12-01,9.254999999999999
"18, 32, 38, 57, 70, 73, 124, 129, 335",2022-01-01,8.27
"18, 32, 38, 57, 70, 73, 124, 129, 335",2022-02-01,5.91
"18, 32, 38, 57, 70, 73, 124, 129, 335",2022-03-01,4.72
"18, 32, 38, 57, 70, 73, 124, 129, 335",2022-04-01,15.35
"18, 32, 38, 57, 70, 73, 124, 129, 335",2022-12-01,100
"19, 20, 24, 32, 45, 57, 58, 60, 61, 62, 66, 69, 70, 78, 124, 140, 143, 144, 145, 146, 149, 152, 153, 170, 226, 290, 301, 303, 334, 357, 379",2022-01-01,96.85
"19, 20, 24, 32, 45, 57, 58, 60, 61, 62, 66, 69, 70, 78, 124, 140, 143, 144, 145, 146, 149, 152, 153, 170, 226, 290, 301, 303, 334, 357, 379",2022-02-01,94.09
"19, 20, 24, 32, 45, 57, 58, 60, 61, 62, 66, 69, 70, 78, 124, 140, 143, 144, 145, 146, 149, 152, 153, 170, 226, 290, 301, 303, 334, 357, 379",2022-03-01,70.08
"19, 20, 24, 32, 45, 57, 58, 60, 61, 62, 66, 69, 70, 78, 124, 140, 143, 144, 145, 146, 149, 152, 153, 170, 226, 290, 301, 303, 334, 357, 379",2022-04-01,62.6
"19, 20, 24, 32, 45, 57, 58, 60, 61, 62, 66, 69, 70, 78, 124, 140, 143, 144, 145, 146, 149, 152, 153, 170, 226, 290, 301, 303, 334, 357, 379",2022-05-01,46.46
"19, 20, 24, 32, 45, 57, 58, 60, 61, 62, 66, 69, 70, 78, 124, 140, 143, 144, 145, 146, 149, 152, 153, 170, 226, 290, 301, 303, 334, 357, 379",2022-06-01,28.35
"19, 20, 24, 32, 45, 57, 58, 60, 61, 62, 66, 69, 70, 78, 124, 140, 143, 144, 145, 146, 149, 152, 153, 170, 226, 290, 301, 303, 334, 357, 379",2022-07-01,18.9
"19, 20, 24, 32, 45, 57, 58, 60, 61, 62, 66, 69, 70, 78, 124, 140, 143, 144, 145, 146, 149, 152, 153, 170, 226, 290, 301, 303, 334, 357, 379",2022-08-01,17.72
"19, 20, 24, 32, 45, 57, 58, 60, 61, 62, 66, 69, 70, 78, 124, 140, 143, 144, 145, 146, 149, 152, 153, 170, 226, 290, 301, 303, 334, 357, 379",2022-09-01,13.78
"19, 20, 24, 32, 45, 57, 58, 60, 61, 62, 66, 69, 70, 78, 124, 140, 143, 144, 145, 146, 149, 152, 153, 170, 226, 290, 301, 303, 334, 357, 379",2022-10-01,46.06
"19, 20, 24, 32, 45, 57, 58, 60, 61, 62, 66, 69, 70, 78, 124, 140, 143, 144, 145, 146, 149, 152, 153, 170, 226, 290, 301, 303, 334, 357, 379",2022-11-01,94.49
"19, 20, 24, 32, 45, 57, 58, 60, 61, 62, 66, 69, 70, 78, 124, 140, 143, 144, 145, 146, 149, 152, 153, 170, 226, 290, 301, 303, 334, 357, 379",2022-12-01,100
"19, 20, 24, 32, 45, 57, 58, 61, 62, 66, 70, 78, 124, 137, 140, 143, 144, 145, 146, 152, 153, 230, 290, 297, 301, 303",2022-01-01,100
"19, 20, 24, 32, 45, 57, 58, 61, 62, 66, 70, 78, 124, 137, 140, 143, 144, 145, 146, 152, 153, 230, 290, 297, 301, 303",2022-02-01,100
"19, 20, 24, 32, 45, 57, 58, 61, 62, 66, 70, 78, 124, 137, 140, 143, 144, 145, 146, 152, 153, 230, 290, 297, 301, 303",2022-03-01,100
"19, 20, 24, 32, 45, 57, 58, 61, 62, 66, 70, 78, 124, 137, 140, 143, 144, 145, 146, 152, 153, 230, 290, 297, 301, 303",2022-04-01,100
"19, 20, 24, 32, 45, 57, 58, 61, 62, 66, 70, 78, 124, 137, 140, 143, 144, 145, 146, 152, 153, 230, 290, 297, 301, 303",2022-05-01,78.74
"19, 20, 24, 32, 45, 57, 58, 61, 62, 66, 70, 78, 124, 137, 140, 143, 144, 145, 146, 152, 153, 230, 290, 297, 301, 303",2022-06-01,12.99
"19, 20, 24, 32, 45, 57, 58, 61, 62, 66, 70, 78, 124, 137, 140, 143, 144, 145, 146, 152, 153, 230, 290, 297, 301, 303",2022-09-01,19.69
"19, 20, 24, 32, 45, 57, 58, 61, 62, 66, 70, 78, 124, 137, 140, 143, 144, 145, 146, 152, 153, 230, 290, 297, 301, 303",2022-10-01,43.7
"19, 20, 24, 32, 45, 57, 58, 61, 62, 66, 70, 78, 124, 137, 140, 143, 144, 145, 146, 152, 153, 230, 290, 297, 301, 303",2022-11-01,97.64
"19, 20, 24, 32, 45, 57, 58, 61, 62, 66, 70, 78, 124, 137, 140, 143, 144, 145, 146, 152, 153, 230, 290, 297, 301, 303",2022-12-01,99.61
"19, 20, 24, 32, 45, 60, 61, 62, 78, 124, 135, 136, 140, 143, 144, 145, 146, 152, 153, 170, 226, 290, 301, 303, 334, 357, 379, 381",2022-01-01,91.34
"19, 20, 24, 32, 45, 60, 61, 62, 78, 124, 135, 136, 140, 143, 144, 145, 146, 152, 153, 170, 226, 290, 301, 303, 334, 357, 379, 381",2022-02-01,95.28
"19, 20, 24, 32, 45, 60, 61, 62, 78, 124, 135, 136, 140, 143, 144, 145, 146, 152, 153, 170, 226, 290, 301, 303, 334, 357, 379, 381",2022-03-01,95.67
"19, 20, 24, 32, 45, 60, 61, 62, 78, 124, 135, 136, 140, 143, 144, 145, 146, 152, 153, 170, 226, 290, 301, 303, 334, 357, 379, 381",2022-04-01,90.16
"19, 20, 24, 32, 45, 60, 61, 62, 78, 124, 135, 136, 140, 143, 144, 145, 146, 152, 153, 170, 226, 290, 301, 303, 334, 357, 379, 381",2022-05-01,16.14
"19, 20, 24, 32, 45, 60, 61, 62, 78, 124, 135, 136, 140, 143, 144, 145, 146, 152, 153, 170, 226, 290, 301, 303, 334, 357, 379, 381",2022-11-01,1.97
"19, 20, 24, 32, 45, 60, 61, 62, 78, 124, 135, 136, 140, 143, 144, 145, 146, 152, 153, 170, 226, 290, 301, 303, 334, 357, 379, 381",2022-12-01,95.67
"19, 20, 24, 32, 45, 61, 62, 78, 124, 135, 136, 137, 140, 143, 144, 145, 146, 152, 153, 219, 230, 290, 297, 301, 303, 381",2022-01-01,70.08
"19, 20, 24, 32, 45, 61, 62, 78, 124, 135, 136, 137, 140, 143, 144, 145, 146, 152, 153, 219, 230, 290, 297, 301, 303, 381",2022-02-01,71.26
"19, 20, 24, 32, 45, 61, 62, 78, 124, 135, 136, 137, 140, 143, 144, 145, 146, 152, 153, 219, 230, 290, 297, 301, 303, 381",2022-03-01,64.96
"19, 20, 24, 32, 45, 61, 62, 78, 124, 135, 136, 137, 140, 143, 144, 145, 146, 152, 153, 219, 230, 290, 297, 301, 303, 381",2022-04-01,32.28
"19, 20, 24, 32, 45, 61, 62, 78, 124, 135, 136, 137, 140, 143, 144, 145, 146, 152, 153, 219, 230, 290, 297, 301, 303, 381",2022-05-01,18.5
"19, 20, 24, 32, 45, 61, 62, 78, 124, 135, 136, 137, 140, 143, 144, 145, 146, 152, 153, 219, 230, 290, 297, 301, 303, 381",2022-06-01,3.94
"19, 20, 24, 32, 45, 61, 62, 78, 124, 135, 136, 137, 140, 143, 144, 145, 146, 152, 153, 219, 230, 290, 297, 301, 303, 381",2022-09-01,2.36
"19, 20, 24, 32, 45, 61, 62, 78, 124, 135, 136, 137, 140, 143, 144, 145, 146, 152, 153, 219, 230, 290, 297, 301, 303, 381",2022-10-01,2.76
"19, 20, 24, 32, 45, 61, 62, 78, 124, 135, 136, 137, 140, 143, 144, 145, 146, 152, 153, 219, 230, 290, 297, 301, 303, 381",2022-11-01,33.46
"19, 20, 24, 32, 45, 61, 62, 78, 124, 135, 136, 137, 140, 143, 144, 145, 146, 152, 153, 219, 230, 290, 297, 301, 303, 381",2022-12-01,99.21
"19, 20, 24, 32, 57, 58, 60, 61, 62, 66, 69, 70, 78, 124, 144, 149, 152, 153, 170, 226, 290, 301, 303, 334, 357, 379",2022-01-01,99.21
"19, 20, 24, 32, 57, 58, 60, 61, 62, 66, 69, 70, 78, 124, 144, 149, 152, 153, 170, 226, 290, 301, 303, 334, 357, 379",2022-02-01,99.61
"19, 20, 24, 32, 57, 58, 60, 61, 62, 66, 69, 70, 78, 124, 144, 149, 152, 153, 170, 226, 290, 301, 303, 334, 357, 379",2022-03-01,92.52
"19, 20, 24, 32, 57, 58, 60, 61, 62, 66, 69, 70, 78, 124, 144, 149, 152, 153, 170, 226, 290, 301, 303, 334, 357, 379",2022-04-01,0.79
"19, 20, 24, 32, 57, 58, 60, 61, 62, 66, 69, 70, 78, 124, 144, 149, 152, 153, 170, 226, 290, 301, 303, 334, 357, 379",2022-11-01,16.93
"19, 20, 24, 32, 57, 58, 60, 61, 62, 66, 69, 70, 78, 124, 144, 149, 152, 153, 170, 226, 290, 301, 303, 334, 357, 379",2022-12-01,95.28
"19, 20, 24, 32, 60, 61, 62, 78, 124, 144, 152, 153, 170, 226, 290, 301, 303, 334, 357, 379, 381",2022-01-01,96.06
"19, 20, 24, 32, 60, 61, 62, 78, 124, 144, 152, 153, 170, 226, 290, 301, 303, 334, 357, 379, 381",2022-02-01,96.85
"19, 20, 24, 32, 60, 61, 62, 78, 124, 144, 152, 153, 170, 226, 290, 301, 303, 334, 357, 379, 381",2022-03-01,98.82
"19, 20, 24, 32, 60, 61, 62, 78, 124, 144, 152, 153, 170, 226, 290, 301, 303, 334, 357, 379, 381",2022-04-01,48.82
"19, 20, 24, 32, 60, 61, 62, 78, 124, 144, 152, 153, 170, 226, 290, 301, 303, 334, 357, 379, 381",2022-05-01,0.79
"19, 20, 24, 32, 60, 61, 62, 78, 124, 144, 152, 153, 170, 226, 290, 301, 303, 334, 357, 379, 381",2022-12-01,98.82
"19, 20, 24, 58, 60, 61, 62, 66, 69, 149, 152, 153, 170, 226, 301, 303, 334, 357, 379, 389, 459",2022-01-01,96.06
"19, 20, 24, 58, 60, 61, 62, 66, 69, 149, 152, 153, 170, 226, 301, 303, 334, 357, 379, 389, 459",2022-02-01,91.34
"19, 20, 24, 58, 60, 61, 62, 66, 69, 149, 152, 153, 170, 226, 301, 303, 334, 357, 379, 389, 459",2022-03-01,0.79
"19, 20, 24, 58, 60, 61, 62, 66, 69, 149, 152, 153, 170, 226, 301, 303, 334, 357, 379, 389, 459",2022-04-01,0.39
"19, 20, 24, 58, 60, 61, 62, 66, 69, 149, 152, 153, 170, 226, 301, 303, 334, 357, 379, 389, 459",2022-11-01,11.81
"19, 20, 24, 60, 61, 62, 152, 153, 170, 226, 301, 303, 334, 357, 379, 389",2022-01-01,9.45
"19, 20, 24, 60, 61, 62, 152, 153, 170, 226, 301, 303, 334, 357, 379, 389",2022-02-01,0.39
"19, 45, 61, 62, 135, 136, 137, 144, 219, 230, 290, 297, 381, 489",2022-01-01,92.52
"19, 45, 61, 62, 135, 136, 137, 144, 219, 230, 290, 297, 381, 489",2022-02-01,34.25
"19, 45, 61, 62, 135, 136, 137, 144, 219, 230, 290, 297, 381, 489",2022-03-01,4.33
"19, 45, 61, 62, 135, 136, 137, 144, 219, 230, 290, 297, 381, 489",2022-11-01,9.84
"19, 45, 61, 62, 135, 136, 137, 144, 219, 230, 290, 297, 381, 489",2022-12-01,64.17
"19, 45, 61, 62, 135, 136, 144, 290, 334, 357, 381, 489",2022-01-01,48.43
"19, 45, 61, 62, 135, 136, 144, 290, 334, 357, 381, 489",2022-12-01,50
"19, 45, 61, 62, 78, 135, 136, 137, 140, 143, 144, 145, 146, 152, 219, 230, 290, 297, 301, 303, 381, 489",2022-01-01,95.28
"19, 45, 61, 62, 78, 135, 136, 137, 140, 143, 144, 145, 146, 152, 219, 230, 290, 297, 301, 303, 381, 489",2022-02-01,98.43
"19, 45, 61, 62, 78, 135, 136, 137, 140, 143, 144, 145, 146, 152, 219, 230, 290, 297, 301, 303, 381, 489",2022-03-01,81.89
"19, 45, 61, 62, 78, 135, 136, 137, 140, 143, 144, 145, 146, 152, 219, 230, 290, 297, 301, 303, 381, 489",2022-04-01,66.14
"19, 45, 61, 62, 78, 135, 136, 137, 140, 143, 144, 145, 146, 152, 219, 230, 290, 297, 301, 303, 381, 489",2022-05-01,11.42
"19, 45, 61, 62, 78, 135, 136, 137, 140, 143, 144, 145, 146, 152, 219, 230, 290, 297, 301, 303, 381, 489",2022-11-01,5.91
"19, 45, 61, 62, 78, 135, 136, 137, 140, 143, 144, 145, 146, 152, 219, 230, 290, 297, 301, 303, 381, 489",2022-12-01,84.65
"19, 45, 61, 62, 78, 135, 136, 140, 143, 144, 145, 146, 152, 170, 226, 290, 301, 303, 334, 357, 381, 489",2022-01-01,96.06
"19, 45, 61, 62, 78, 135, 136, 140, 143, 144, 145, 146, 152, 170, 226, 290, 301, 303, 334, 357, 381, 489",2022-02-01,57.87
"19, 45, 61, 62, 78, 135, 136, 140, 143, 144, 145, 146, 152, 170, 226, 290, 301, 303, 334, 357, 381, 489",2022-03-01,24.02
"19, 45, 61, 62, 78, 135, 136, 140, 143, 144, 145, 146, 152, 170, 226, 290, 301, 303, 334, 357, 381, 489",2022-04-01,16.54
"19, 45, 61, 62, 78, 135, 136, 140, 143, 144, 145, 146, 152, 170, 226, 290, 301, 303, 334, 357, 381, 489",2022-11-01,1.97
"19, 45, 61, 62, 78, 135, 136, 140, 143, 144, 145, 146, 152, 170, 226, 290, 301, 303, 334, 357, 381, 489",2022-12-01,94.88
"19, 61, 62, 144, 290, 334, 351, 357, 381",2022-01-01,19.29
"19, 61, 62, 144, 290, 334, 351, 357, 381",2022-12-01,50
"19, 61, 62, 334, 351, 357, 389",2022-01-01,97.24
"19, 61, 62, 334, 351, 357, 389",2022-02-01,97.24
"19, 61, 62, 334, 351, 357, 389",2022-11-01,3.15
"19, 61, 62, 334, 351, 357, 389",2022-12-01,96.06
"19, 61, 62, 78, 144, 152, 170, 226, 290, 301, 303, 334, 351, 357, 381",2022-01-01,57.87
"19, 61, 62, 78, 144, 152, 170, 226, 290, 301, 303, 334, 351, 357, 381",2022-11-01,6.69
"20, 24, 32, 38, 57, 58, 60, 65, 66, 67, 69, 70, 72, 73, 74, 75, 124, 133, 149, 150, 151, 153, 160, 172, 186, 256, 270, 288, 313, 335, 379, 400",2022-01-01,99.21
"20, 24, 32, 38, 57, 58, 60, 65, 66, 67, 69, 70, 72, 73, 74, 75, 124, 133, 149, 150, 151, 153, 160, 172, 186, 256, 270, 288, 313, 335, 379, 400",2022-02-01,100
"20, 24, 32, 38, 57, 58, 60, 65, 66, 67, 69, 70, 72, 73, 74, 75, 124, 133, 149, 150, 151, 153, 160, 172, 186, 256, 270, 288, 313, 335, 379, 400",2022-03-01,100
"20, 24, 32, 38, 57, 58, 60, 65, 66, 67, 69, 70, 72, 73, 74, 75, 124, 133, 149, 150, 151, 153, 160, 172, 186, 256, 270, 288, 313, 335, 379, 400",2022-04-01,100
"20, 24, 32, 38, 57, 58, 60, 65, 66, 67, 69, 70, 72, 73, 74, 75, 124, 133, 149, 150, 151, 153, 160, 172, 186, 256, 270, 288, 313, 335, 379, 400",2022-05-01,38.19
"20, 24, 32, 38, 57, 58, 60, 65, 66, 67, 69, 70, 72, 73, 74, 75, 124, 133, 149, 150, 151, 153, 160, 172, 186, 256, 270, 288, 313, 335, 379, 400",2022-06-01,0.39
"20, 24, 32, 38, 57, 58, 60, 65, 66, 67, 69, 70, 72, 73, 74, 75, 124, 133, 149, 150, 151, 153, 160, 172, 186, 256, 270, 288, 313, 335, 379, 400",2022-10-01,1.57
"20, 24, 32, 38, 57, 58, 60, 65, 66, 67, 69, 70, 72, 73, 74, 75, 124, 133, 149, 150, 151, 153, 160, 172, 186, 256, 270, 288, 313, 335, 379, 400",2022-11-01,97.24
"20, 24, 32, 38, 57, 58, 60, 65, 66, 67, 69, 70, 72, 73, 74, 75, 124, 133, 149, 150, 151, 153, 160, 172, 186, 256, 270, 288, 313, 335, 379, 400",2022-12-01,99.61
"20, 24, 32, 38, 57, 58, 60, 66, 67, 69, 70, 72, 73, 74, 75, 124, 133, 149, 150, 153, 160, 172, 186, 256, 270, 288, 313, 335, 379",2022-01-01,100
"20, 24, 32, 38, 57, 58, 60, 66, 67, 69, 70, 72, 73, 74, 75, 124, 133, 149, 150, 153, 160, 172, 186, 256, 270, 288, 313, 335, 379",2022-02-01,100
"20, 24, 32, 38, 57, 58, 60, 66, 67, 69, 70, 72, 73, 74, 75, 124, 133, 149, 150, 153, 160, 172, 186, 256, 270, 288, 313, 335, 379",2022-03-01,100
"20, 24, 32, 38, 57, 58, 60, 66, 67, 69, 70, 72, 73, 74, 75, 124, 133, 149, 150, 153, 160, 172, 186, 256, 270, 288, 313, 335, 379",2022-04-01,98.82
"20, 24, 32, 38, 57, 58, 60, 66, 67, 69, 70, 72, 73, 74, 75, 124, 133, 149, 150, 153, 160, 172, 186, 256, 270, 288, 313, 335, 379",2022-05-01,80.31
"20, 24, 32, 38, 57, 58, 60, 66, 67, 69, 70, 72, 73, 74, 75, 124, 133, 149, 150, 153, 160, 172, 186, 256, 270, 288, 313, 335, 379",2022-06-01,23.62
"20, 24, 32, 38, 57, 58, 60, 66, 67, 69, 70, 72, 73, 74, 75, 124, 133, 149, 150, 153, 160, 172, 186, 256, 270, 288, 313, 335, 379",2022-07-01,3.54
"20, 24, 32, 38, 57, 58, 60, 66, 67, 69, 70, 72, 73, 74, 75, 124, 133, 149, 150, 153, 160, 172, 186, 256, 270, 288, 313, 335, 379",2022-08-01,1.57
"20, 24, 32, 38, 57, 58, 60, 66, 67, 69, 70, 72, 73, 74, 75, 124, 133, 149, 150, 153, 160, 172, 186, 256, 270, 288, 313, 335, 379",2022-09-01,4.33
"20, 24, 32, 38, 57, 58, 60, 66, 67, 69, 70, 72, 73, 74, 75, 124, 133, 149, 150, 153, 160, 172, 186, 256, 270, 288, 313, 335, 379",2022-10-01,20.87
"20, 24, 32, 38, 57, 58, 60, 66, 67, 69, 70, 72, 73, 74, 75, 124, 133, 149, 150, 153, 160, 172, 186, 256, 270, 288, 313, 335, 379",2022-11-01,99.61
"20, 24, 32, 38, 57, 58, 60, 66, 67, 69, 70, 72, 73, 74, 75, 124, 133, 149, 150, 153, 160, 172, 186, 256, 270, 288, 313, 335, 379",2022-12-01,100
"20, 24, 32, 38, 57, 58, 66, 70, 72, 73, 124, 133, 153, 172, 186, 256, 270, 313, 335",2022-01-01,99.61
"20, 24, 32, 38, 57, 58, 66, 70, 72, 73, 124, 133, 153, 172, 186, 256, 270, 313, 335",2022-02-01,100
"20, 24, 32, 38, 57, 58, 66, 70, 72, 73, 124, 133, 153, 172, 186, 256, 270, 313, 335",2022-03-01,100
"20, 24, 32, 38, 57, 58, 66, 70, 72, 73, 124, 133, 153, 172, 186, 256, 270, 313, 335",2022-04-01,100
"20, 24, 32, 38, 57, 58, 66, 70, 72, 73, 124, 133, 153, 172, 186, 256, 270, 313, 335",2022-05-01,83.07
"20, 24, 32, 38, 57, 58, 66, 70, 72, 73, 124, 133, 153, 172, 186, 256, 270, 313, 335",2022-06-01,25.98
"20, 24, 32, 38, 57, 58, 66, 70, 72, 73, 124, 133, 153, 172, 186, 256, 270, 313, 335",2022-07-01,8.66
"20, 24, 32, 38, 57, 58, 66, 70, 72, 73, 124, 133, 153, 172, 186, 256, 270, 313, 335",2022-08-01,6.69
"20, 24, 32, 38, 57, 58, 66, 70, 72, 73, 124, 133, 153, 172, 186, 256, 270, 313, 335",2022-09-01,6.3
"20, 24, 32, 38, 57, 58, 66, 70, 72, 73, 124, 133, 153, 172, 186, 256, 270, 313, 335",2022-10-01,33.07
"20, 24, 32, 38, 57, 58, 66, 70, 72, 73, 124, 133, 153, 172, 186, 256, 270, 313, 335",2022-11-01,99.21
"20, 24, 32, 38, 57, 58, 66, 70, 72, 73, 124, 133, 153, 172, 186, 256, 270, 313, 335",2022-12-01,100
"20, 24, 32, 57, 58, 60, 66, 67, 69, 70, 73, 74, 78, 124, 140, 143, 145, 146, 149, 150, 152, 153, 160, 170, 172, 226, 256, 270, 288, 301, 303, 313, 379",2022-01-01,100
"20, 24, 32, 57, 58, 60, 66, 67, 69, 70, 73, 74, 78, 124, 140, 143, 145, 146, 149, 150, 152, 153, 160, 170, 172, 226, 256, 270, 288, 301, 303, 313, 379",2022-02-01,100
"20, 24, 32, 57, 58, 60, 66, 67, 69, 70, 73, 74, 78, 124, 140, 143, 145, 146, 149, 150, 152, 153, 160, 170, 172, 226, 256, 270, 288, 301, 303, 313, 379",2022-03-01,100
"20, 24, 32, 57, 58, 60, 66, 67, 69, 70, 73, 74, 78, 124, 140, 143, 145, 146, 149, 150, 152, 153, 160, 170, 172, 226, 256, 270, 288, 301, 303, 313, 379",2022-04-01,98.03
"20, 24, 32, 57, 58, 60, 66, 67, 69, 70, 73, 74, 78, 124, 140, 143, 145, 146, 149, 150, 152, 153, 160, 170, 172, 226, 256, 270, 288, 301, 303, 313, 379",2022-05-01,77.17
"20, 24, 32, 57, 58, 60, 66, 67, 69, 70, 73, 74, 78, 124, 140, 143, 145, 146, 149, 150, 152, 153, 160, 170, 172, 226, 256, 270, 288, 301, 303, 313, 379",2022-06-01,11.42
"20, 24, 32, 57, 58, 60, 66, 67, 69, 70, 73, 74, 78, 124, 140, 143, 145, 146, 149, 150, 152, 153, 160, 170, 172, 226, 256, 270, 288, 301, 303, 313, 379",2022-07-01,0.39
"20, 24, 32, 57, 58, 60, 66, 67, 69, 70, 73, 74, 78, 124, 140, 143, 145, 146, 149, 150, 152, 153, 160, 170, 172, 226, 256, 270, 288, 301, 303, 313, 379",2022-10-01,12.6
"20, 24, 32, 57, 58, 60, 66, 67, 69, 70, 73, 74, 78, 124, 140, 143, 145, 146, 149, 150, 152, 153, 160, 170, 172, 226, 256, 270, 288, 301, 303, 313, 379",2022-11-01,100
"20, 24, 32, 57, 58, 60, 66, 67, 69, 70, 73, 74, 78, 124, 140, 143, 145, 146, 149, 150, 152, 153, 160, 170, 172, 226, 256, 270, 288, 301, 303, 313, 379",2022-12-01,100
"20, 24, 32, 57, 58, 60, 66, 67, 69, 70, 73, 74, 78, 124, 149, 150, 151, 152, 153, 160, 170, 172, 226, 256, 270, 288, 301, 303, 313, 379, 400",2022-01-01,95.67
"20, 24, 32, 57, 58, 60, 66, 67, 69, 70, 73, 74, 78, 124, 149, 150, 151, 152, 153, 160, 170, 172, 226, 256, 270, 288, 301, 303, 313, 379, 400",2022-02-01,97.64
"20, 24, 32, 57, 58, 60, 66, 67, 69, 70, 73, 74, 78, 124, 149, 150, 151, 152, 153, 160, 170, 172, 226, 256, 270, 288, 301, 303, 313, 379, 400",2022-03-01,98.03
"20, 24, 32, 57, 58, 60, 66, 67, 69, 70, 73, 74, 78, 124, 149, 150, 151, 152, 153, 160, 170, 172, 226, 256, 270, 288, 301, 303, 313, 379, 400",2022-04-01,99.61
"20, 24, 32, 57, 58, 60, 66, 67, 69, 70, 73, 74, 78, 124, 149, 150, 151, 152, 153, 160, 170, 172, 226, 256, 270, 288, 301, 303, 313, 379, 400",2022-05-01,17.32
"20, 24, 32, 57, 58, 60, 66, 67, 69, 70, 73, 74, 78, 124, 149, 150, 151, 152, 153, 160, 170, 172, 226, 256, 270, 288, 301, 303, 313, 379, 400",2022-11-01,92.52
"20, 24, 32, 57, 58, 60, 66, 67, 69, 70, 73, 74, 78, 124, 149, 150, 151, 152, 153, 160, 170, 172, 226, 256, 270, 288, 301, 303, 313, 379, 400",2022-12-01,94.49
"20, 24, 32, 57, 58, 66, 70, 73, 78, 124, 140, 143, 145, 146, 152, 153, 172, 256, 270, 301, 303, 313",2022-01-01,92.52
"20, 24, 32, 57, 58, 66, 70, 73, 78, 124, 140, 143, 145, 146, 152, 153, 172, 256, 270, 301, 303, 313",2022-02-01,98.03
"20, 24, 32, 57, 58, 66, 70, 73, 78, 124, 140, 143, 145, 146, 152, 153, 172, 256, 270, 301, 303, 313",2022-03-01,51.57
"20, 24, 32, 57, 58, 66, 70, 73, 78, 124, 140, 143, 145, 146, 152, 153, 172, 256, 270, 301, 303, 313",2022-04-01,25.2
"20, 24, 32, 57, 58, 66, 70, 73, 78, 124, 140, 143, 145, 146, 152, 153, 172, 256, 270, 301, 303, 313",2022-05-01,7.09
"20, 24, 32, 57, 58, 66, 70, 73, 78, 124, 140, 143, 145, 146, 152, 153, 172, 256, 270, 301, 303, 313",2022-11-01,74.02
"20, 24, 32, 57, 58, 66, 70, 73, 78, 124, 140, 143, 145, 146, 152, 153, 172, 256, 270, 301, 303, 313",2022-12-01,100
"20, 24, 49, 58, 60, 65, 66, 67, 68, 69, 72, 74, 75, 133, 149, 150, 151, 153, 160, 172, 175, 186, 213, 256, 270, 288, 313, 379, 400, 459",2022-01-01,88.19
"20, 24, 49, 58, 60, 65, 66, 67, 68, 69, 72, 74, 75, 133, 149, 150, 151, 153, 160, 172, 175, 186, 213, 256, 270, 288, 313, 379, 400, 459",2022-02-01,8.66
"20, 24, 49, 58, 60, 65, 66, 67, 68, 69, 72, 74, 75, 133, 149, 150, 151, 153, 160, 172, 175, 186, 213, 256, 270, 288, 313, 379, 400, 459",2022-03-01,3.94
"20, 24, 49, 58, 60, 65, 66, 67, 68, 69, 72, 74, 75, 133, 149, 150, 151, 153, 160, 172, 175, 186, 213, 256, 270, 288, 313, 379, 400, 459",2022-04-01,2.36
"20, 24, 49, 58, 60, 65, 66, 67, 68, 69, 72, 74, 75, 133, 149, 150, 151, 153, 160, 172, 175, 186, 213, 256, 270, 288, 313, 379, 400, 459",2022-12-01,7.87
"20, 24, 58, 60, 66, 67, 69, 74, 149, 150, 151, 152, 153, 160, 170, 172, 175, 226, 256, 270, 288, 301, 303, 313, 379, 400, 459",2022-01-01,66.14
"20, 24, 58, 60, 66, 67, 69, 74, 149, 150, 151, 152, 153, 160, 170, 172, 175, 226, 256, 270, 288, 301, 303, 313, 379, 400, 459",2022-02-01,17.72
"20, 24, 58, 60, 66, 67, 69, 74, 149, 150, 151, 152, 153, 160, 170, 172, 175, 226, 256, 270, 288, 301, 303, 313, 379, 400, 459",2022-03-01,2.36
"20, 24, 58, 60, 66, 67, 69, 74, 149, 150, 151, 152, 153, 160, 170, 172, 175, 226, 256, 270, 288, 301, 303, 313, 379, 400, 459",2022-04-01,2.36
"20, 24, 58, 60, 66, 67, 69, 74, 149, 150, 151, 152, 153, 160, 170, 172, 175, 226, 256, 270, 288, 301, 303, 313, 379, 400, 459",2022-11-01,3.94
21,2022-01-01,46.68142857142857
21,2022-02-01,53.541666666666664
21,2022-03-01,1.18
21,2022-06-01,1.18
21,2022-10-01,0.39
21,2022-11-01,17.874
21,2022-12-01,82.08624999999999
"21, 405",2022-01-01,44.75
"21, 405",2022-02-01,87.27166666666668
"21, 405",2022-03-01,0.985
"21, 405",2022-10-01,7.09
"21, 405",2022-11-01,26.475
"21, 405",2022-12-01,99.14833333333334
22,2022-01-01,20.734444444444442
22,2022-02-01,14.523333333333333
22,2022-03-01,9.056666666666667
22,2022-06-01,5.91
22,2022-08-01,0.39
22,2022-11-01,3.07
22,2022-12-01,30.905
"22, 314",2022-01-01,17.98
"22, 314",2022-02-01,17.058333333333334
"22, 314",2022-03-01,7.086666666666667
"22, 314",2022-12-01,15.878333333333334
23,2022-01-01,99.705
23,2022-02-01,99.8025
23,2022-03-01,99.6075
23,2022-04-01,75.3925
23,2022-05-01,42.225
23,2022-06-01,57.48
23,2022-10-01,38.45
23,2022-11-01,81.495
23,2022-12-01,99.6075
"23, 295",2022-01-01,99.34333333333333
"23, 295",2022-02-01,99.3
"23, 295",2022-03-01,99.86888888888889
"23, 295",2022-04-01,72.26333333333334
"23, 295",2022-05-01,53.78
"23, 295",2022-06-01,28.743333333333332
"23, 295",2022-10-01,28.854285714285716
"23, 295",2022-11-01,81.19
"23, 295",2022-12-01,99.60666666666667
"23, 91, 295",2022-01-01,99.21333333333334
"23, 91, 295",2022-02-01,99.08333333333333
"23, 91, 295",2022-03-01,99.87
"23, 91, 295",2022-04-01,46.849999999999994
"23, 91, 295",2022-05-01,62.2
"23, 91, 295",2022-10-01,19.884999999999998
"23, 91, 295",2022-11-01,60.76
"23, 91, 295",2022-12-01,99.21333333333334
25,2022-01-01,99.71857142857142
25,2022-02-01,99.43857142857142
25,2022-03-01,91.11285714285714
25,2022-04-01,70.788
25,2022-05-01,48.42333333333333
25,2022-06-01,5.12
25,2022-10-01,35.925
25,2022-11-01,49.15571428571429
25,2022-12-01,99.66428571428571
"25, 155",2022-01-01,99.805
"25, 155",2022-02-01,99.60499999999999
"25, 155",2022-03-01,99.805
"25, 155",2022-04-01,78.54499999999999
"25, 155",2022-05-01,22.44
"25, 155",2022-06-01,6.69
"25, 155",2022-07-01,0.79
"25, 155",2022-10-01,56.89
"25, 155",2022-11-01,84.255
"25, 155",2022-12-01,99.60499999999999
"25, 218",2022-01-01,100
"25, 218",2022-02-01,100
"25, 218",2022-03-01,100
"25, 218",2022-04-01,54.72
"25, 218",2022-10-01,14.17
"25, 218",2022-11-01,100
"25, 218",2022-12-01,100
"25, 88, 155",2022-01-01,99.115
"25, 88, 155",2022-02-01,98.8225
"25, 88, 155",2022-03-01,99.5075
"25, 88, 155",2022-04-01,97.3425
"25, 88, 155",2022-05-01,35.435
"25, 88, 155",2022-06-01,1.77
"25, 88, 155",2022-07-01,2.76
"25, 88, 155",2022-10-01,35.1375
"25, 88, 155",2022-11-01,97.145
"25, 88, 155",2022-12-01,99.6075
"25, 88, 94, 155",2022-01-01,96.65
"25, 88, 94, 155",2022-02-01,97.83500000000001
"25, 88, 94, 155",2022-03-01,97.64
"25, 88, 94, 155",2022-04-01,89.37
"25, 88, 94, 155",2022-05-01,48.625
"25, 88, 94, 155",2022-06-01,3.54
"25, 88, 94, 155",2022-07-01,1.97
"25, 88, 94, 155",2022-10-01,66.535
"25, 88, 94, 155",2022-11-01,92.91
"25, 88, 94, 155",2022-12-01,97.44
26,2022-01-01,6.3
26,2022-02-01,12.594999999999999
26,2022-11-01,7.166
27,2022-01-01,100
27,2022-02-01,100
27,2022-03-01,86.61
27,2022-11-01,100
27,2022-12-01,100
"27, 185, 274",2022-01-01,81.416
"27, 185, 274",2022-02-01,74.646
"27, 185, 274",2022-03-01,68.9975
"27, 185, 274",2022-04-01,29.232499999999998
"27, 185, 274",2022-05-01,23.82
"27, 185, 274",2022-06-01,1.575
"27, 185, 274",2022-10-01,5.9025
"27, 185, 274",2022-11-01,56.222
"27, 185, 274",2022-12-01,99.528
"27, 274",2022-01-01,100
"27, 274",2022-02-01,100
"27, 274",2022-03-01,98.29333333333334
"27, 274",2022-04-01,76.64
"27, 274",2022-05-01,42.64666666666667
"27, 274",2022-06-01,6.105
"27, 274",2022-10-01,27.560000000000002
"27, 274",2022-11-01,100
"27, 274",2022-12-01,100
"27, 93",2022-01-01,99.73666666666666
"27, 93",2022-02-01,98.55666666666667
"27, 93",2022-03-01,78.87333333333333
"27, 93",2022-04-01,25.066666666666666
"27, 93",2022-05-01,18.5
"27, 93",2022-10-01,3.15
"27, 93",2022-11-01,92.65
"27, 93",2022-12-01,100
"27, 93, 185, 274",2022-01-01,71.52333333333334
"27, 93, 185, 274",2022-02-01,56.03666666666667
"27, 93, 185, 274",2022-03-01,43.57
"27, 93, 185, 274",2022-04-01,72.44
"27, 93, 185, 274",2022-05-01,2.36
"27, 93, 185, 274",2022-06-01,1.18
"27, 93, 185, 274",2022-10-01,2.76
"27, 93, 185, 274",2022-11-01,46.849999999999994
"27, 93, 185, 274",2022-12-01,100
"28, 95",2022-01-01,60.288666666666664
"28, 95",2022-02-01,84.13153846153847
"28, 95",2022-03-01,0.39
"28, 95",2022-06-01,0.39
"28, 95",2022-10-01,48.976
"28, 95",2022-11-01,27.914
"28, 95",2022-12-01,69.5375
29,2022-01-01,48.46181818181818
29,2022-02-01,29.061875
29,2022-11-01,0.79
29,2022-12-01,3.937142857142857
"30, 48",2022-04-01,2.955
"30, 48",2022-05-01,37.92333333333333
"30, 48",2022-06-01,94.4875
"30, 48",2022-07-01,95.57
"30, 48",2022-08-01,85.925
"30, 48",2022-09-01,74.8025
"30, 48",2022-10-01,87.5975
"30, 48",2022-11-01,24.8
"30, 48",2022-12-01,0.79
"31, 139, 157, 174, 257, 267, 280, 284, 296, 329, 332, 337, 366, 396, 419",2022-01-01,91.34
"31, 139, 157, 174, 257, 267, 280, 284, 296, 329, 332, 337, 366, 396, 419",2022-02-01,96.46
"31, 139, 157, 174, 257, 267, 280, 284, 296, 329, 332, 337, 366, 396, 419",2022-03-01,96.06
"31, 139, 157, 174, 257, 267, 280, 284, 296, 329, 332, 337, 366, 396, 419",2022-04-01,96.06
"31, 139, 157, 174, 257, 267, 280, 284, 296, 329, 332, 337, 366, 396, 419",2022-05-01,61.02
"31, 139, 157, 174, 257, 267, 280, 284, 296, 329, 332, 337, 366, 396, 419",2022-06-01,15.75
"31, 139, 157, 174, 257, 267, 280, 284, 296, 329, 332, 337, 366, 396, 419",2022-09-01,0.39
"31, 139, 157, 174, 257, 267, 280, 284, 296, 329, 332, 337, 366, 396, 419",2022-11-01,49.61
"31, 139, 157, 174, 257, 267, 280, 284, 296, 329, 332, 337, 366, 396, 419",2022-12-01,98.03
"31, 139, 157, 174, 257, 267, 280, 329, 332, 337, 366, 396, 419",2022-01-01,98.43
"31, 139, 157, 174, 257, 267, 280, 329, 332, 337, 366, 396, 419",2022-02-01,97.64
"31, 139, 157, 174, 257, 267, 280, 329, 332, 337, 366, 396, 419",2022-03-01,98.82
"31, 139, 157, 174, 257, 267, 280, 329, 332, 337, 366, 396, 419",2022-04-01,18.11
"31, 139, 157, 174, 257, 267, 280, 329, 332, 337, 366, 396, 419",2022-11-01,71.65
"31, 139, 157, 174, 257, 267, 280, 329, 332, 337, 366, 396, 419",2022-12-01,98.03
"31, 139, 157, 174, 257, 280, 329, 332",2022-01-01,88.58
"31, 139, 157, 174, 257, 280, 329, 332",2022-02-01,95.67
"31, 139, 157, 174, 257, 280, 329, 332",2022-03-01,85.04
"31, 139, 157, 174, 257, 280, 329, 332",2022-04-01,8.27
"31, 139, 157, 174, 257, 280, 329, 332",2022-07-01,0.39
"31, 139, 157, 174, 257, 280, 329, 332",2022-11-01,99.21
"31, 139, 157, 174, 257, 280, 329, 332",2022-12-01,92.13
"31, 141, 176, 257",2022-01-01,0.79
"31, 141, 176, 257",2022-12-01,1.18
"31, 141, 176, 257, 479",2022-02-01,7.48
"31, 141, 176, 257, 479",2022-03-01,0.39
"31, 141, 176, 257, 479",2022-11-01,0.79
"31, 257",2022-01-01,11.81
"31, 257",2022-02-01,22.05
"31, 257",2022-03-01,44.09
"31, 257",2022-04-01,27.95
"31, 257",2022-12-01,92.13
"31, 33, 141, 176, 257, 330, 479",2022-01-01,17.32
"31, 33, 141, 176, 257, 330, 479",2022-02-01,3.54
"31, 33, 141, 176, 257, 330, 479",2022-03-01,1.57
"31, 33, 141, 176, 257, 330, 479",2022-04-01,1.57
"31, 33, 141, 176, 257, 330, 479",2022-11-01,1.57
"31, 33, 141, 176, 257, 330, 479",2022-12-01,36.61
"31, 33, 42, 44, 139, 141, 176, 201, 257, 258, 330, 479",2022-01-01,96.46
"31, 33, 42, 44, 139, 141, 176, 201, 257, 258, 330, 479",2022-02-01,100
"31, 33, 42, 44, 139, 141, 176, 201, 257, 258, 330, 479",2022-03-01,100
"31, 33, 42, 44, 139, 141, 176, 201, 257, 258, 330, 479",2022-04-01,100
"31, 33, 42, 44, 139, 141, 176, 201, 257, 258, 330, 479",2022-05-01,89.76
"31, 33, 42, 44, 139, 141, 176, 201, 257, 258, 330, 479",2022-06-01,53.54
"31, 33, 42, 44, 139, 141, 176, 201, 257, 258, 330, 479",2022-07-01,44.88
"31, 33, 42, 44, 139, 141, 176, 201, 257, 258, 330, 479",2022-08-01,40.94
"31, 33, 42, 44, 139, 141, 176, 201, 257, 258, 330, 479",2022-09-01,41.73
"31, 33, 42, 44, 139, 141, 176, 201, 257, 258, 330, 479",2022-10-01,55.91
"31, 33, 42, 44, 139, 141, 176, 201, 257, 258, 330, 479",2022-11-01,95.28
"31, 33, 42, 44, 139, 141, 176, 201, 257, 258, 330, 479",2022-12-01,97.24
"31, 42, 44, 139, 141, 157, 174, 176, 201, 257, 329",2022-01-01,81.5
"31, 42, 44, 139, 141, 157, 174, 176, 201, 257, 329",2022-02-01,97.64
"31, 42, 44, 139, 141, 157, 174, 176, 201, 257, 329",2022-03-01,77.95
"31, 42, 44, 139, 141, 157, 174, 176, 201, 257, 329",2022-04-01,29.13
"31, 42, 44, 139, 141, 157, 174, 176, 201, 257, 329",2022-05-01,4.72
"31, 42, 44, 139, 141, 157, 174, 176, 201, 257, 329",2022-11-01,77.17
"31, 42, 44, 139, 141, 157, 174, 176, 201, 257, 329",2022-12-01,97.64
"31, 42, 44, 139, 141, 157, 176, 201, 257, 479",2022-01-01,91.34
"31, 42, 44, 139, 141, 157, 176, 201, 257, 479",2022-02-01,72.05
"31, 42, 44, 139, 141, 157, 176, 201, 257, 479",2022-03-01,68.9
"31, 42, 44, 139, 141, 157, 176, 201, 257, 479",2022-04-01,35.43
"31, 42, 44, 139, 141, 157, 176, 201, 257, 479",2022-05-01,4.72
"31, 42, 44, 139, 141, 157, 176, 201, 257, 479",2022-11-01,90.16
"31, 42, 44, 139, 141, 157, 176, 201, 257, 479",2022-12-01,100
"33, 141, 176, 294, 330, 331, 406, 479",2022-01-01,6.69
"33, 141, 176, 294, 330, 331, 406, 479",2022-02-01,1.97
"33, 141, 176, 294, 330, 331, 406, 479",2022-04-01,1.57
"33, 141, 176, 294, 330, 331, 406, 479",2022-12-01,64.17
"33, 34, 127, 249, 258, 294, 330, 331, 376, 385, 406, 432",2022-01-01,96.06
"33, 34, 127, 249, 258, 294, 330, 331, 376, 385, 406, 432",2022-02-01,99.21
"33, 34, 127, 249, 258, 294, 330, 331, 376, 385, 406, 432",2022-03-01,62.6
"33, 34, 127, 249, 258, 294, 330, 331, 376, 385, 406, 432",2022-04-01,71.26
"33, 34, 127, 249, 258, 294, 330, 331, 376, 385, 406, 432",2022-05-01,66.14
"33, 34, 127, 249, 258, 294, 330, 331, 376, 385, 406, 432",2022-06-01,35.04
"33, 34, 127, 249, 258, 294, 330, 331, 376, 385, 406, 432",2022-07-01,25.2
"33, 34, 127, 249, 258, 294, 330, 331, 376, 385, 406, 432",2022-08-01,17.72
"33, 34, 127, 249, 258, 294, 330, 331, 376, 385, 406, 432",2022-09-01,32.28
"33, 34, 127, 249, 258, 294, 330, 331, 376, 385, 406, 432",2022-10-01,46.06
"33, 34, 127, 249, 258, 294, 330, 331, 376, 385, 406, 432",2022-11-01,68.9
"33, 34, 127, 249, 258, 294, 330, 331, 376, 385, 406, 432",2022-12-01,98.43
"33, 34, 127, 249, 258, 294, 330, 331, 406, 479",2022-01-01,90.55
"33, 34, 127, 249, 258, 294, 330, 331, 406, 479",2022-02-01,100
"33, 34, 127, 249, 258, 294, 330, 331, 406, 479",2022-03-01,67.32
"33, 34, 127, 249, 258, 294, 330, 331, 406, 479",2022-04-01,75.59
"33, 34, 127, 249, 258, 294, 330, 331, 406, 479",2022-05-01,5.51
"33, 34, 127, 249, 258, 294, 330, 331, 406, 479",2022-08-01,0.39
"33, 34, 127, 249, 258, 294, 330, 331, 406, 479",2022-10-01,1.18
"33, 34, 127, 249, 258, 294, 330, 331, 406, 479",2022-11-01,55.12
"33, 34, 127, 249, 258, 294, 330, 331, 406, 479",2022-12-01,92.13
"33, 34, 294, 330, 331, 376, 385, 406",2022-01-01,94.88
"33, 34, 294, 330, 331, 376, 385, 406",2022-02-01,81.89
"33, 34, 294, 330, 331, 376, 385, 406",2022-03-01,72.44
"33, 34, 294, 330, 331, 376, 385, 406",2022-04-01,77.17
"33, 34, 294, 330, 331, 376, 385, 406",2022-05-01,14.96
"33, 34, 294, 330, 331, 376, 385, 406",2022-06-01,1.97
"33, 34, 294, 330, 331, 376, 385, 406",2022-07-01,0.39
"33, 34, 294, 330, 331, 376, 385, 406",2022-08-01,0.39
"33, 34, 294, 330, 331, 376, 385, 406",2022-09-01,1.18
"33, 34, 294, 330, 331, 376, 385, 406",2022-10-01,3.54
"33, 34, 294, 330, 331, 376, 385, 406",2022-11-01,48.03
"33, 34, 294, 330, 331, 376, 385, 406",2022-12-01,94.49
"33, 34, 294, 330, 331, 406, 479",2022-01-01,16.14
"33, 34, 294, 330, 331, 406, 479",2022-02-01,21.26
"33, 34, 294, 330, 331, 406, 479",2022-03-01,2.76
"33, 34, 294, 330, 331, 406, 479",2022-11-01,6.69
"33, 34, 294, 330, 331, 406, 479",2022-12-01,92.13
"33, 34, 36, 43, 101, 108, 110, 113, 119, 127, 249, 258, 294, 330, 331, 406, 414, 479",2022-01-01,97.64
"33, 34, 36, 43, 101, 108, 110, 113, 119, 127, 249, 258, 294, 330, 331, 406, 414, 479",2022-02-01,100
"33, 34, 36, 43, 101, 108, 110, 113, 119, 127, 249, 258, 294, 330, 331, 406, 414, 479",2022-03-01,100
"33, 34, 36, 43, 101, 108, 110, 113, 119, 127, 249, 258, 294, 330, 331, 406, 414, 479",2022-04-01,99.21
"33, 34, 36, 43, 101, 108, 110, 113, 119, 127, 249, 258, 294, 330, 331, 406, 414, 479",2022-05-01,11.81
"33, 34, 36, 43, 101, 108, 110, 113, 119, 127, 249, 258, 294, 330, 331, 406, 414, 479",2022-06-01,0.79
"33, 34, 36, 43, 101, 108, 110, 113, 119, 127, 249, 258, 294, 330, 331, 406, 414, 479",2022-09-01,4.72
"33, 34, 36, 43, 101, 108, 110, 113, 119, 127, 249, 258, 294, 330, 331, 406, 414, 479",2022-10-01,11.81
"33, 34, 36, 43, 101, 108, 110, 113, 119, 127, 249, 258, 294, 330, 331, 406, 414, 479",2022-11-01,86.22
"33, 34, 36, 43, 101, 108, 110, 113, 119, 127, 249, 258, 294, 330, 331, 406, 414, 479",2022-12-01,98.82
"33, 34, 36, 47, 96, 101, 108, 113, 127, 249, 258, 294, 330, 331, 376, 406, 414, 432",2022-01-01,70.47
"33, 34, 36, 47, 96, 101, 108, 113, 127, 249, 258, 294, 330, 331, 376, 406, 414, 432",2022-02-01,98.03
"33, 34, 36, 47, 96, 101, 108, 113, 127, 249, 258, 294, 330, 331, 376, 406, 414, 432",2022-03-01,16.54
"33, 34, 36, 47, 96, 101, 108, 113, 127, 249, 258, 294, 330, 331, 376, 406, 414, 432",2022-04-01,7.87
"33, 34, 36, 47, 96, 101, 108, 113, 127, 249, 258, 294, 330, 331, 376, 406, 414, 432",2022-05-01,1.18
"33, 34, 36, 47, 96, 101, 108, 113, 127, 249, 258, 294, 330, 331, 376, 406, 414, 432",2022-11-01,47.64
"33, 34, 36, 47, 96, 101, 108, 113, 127, 249, 258, 294, 330, 331, 376, 406, 414, 432",2022-12-01,61.81
"33, 36, 43, 101, 104, 108, 110, 111, 113, 119, 120, 127, 236, 249, 258, 331, 406, 414, 479",2022-01-01,99.21
"33, 36, 43, 101, 104, 108, 110, 111, 113, 119, 120, 127, 236, 249, 258, 331, 406, 414, 479",2022-02-01,100
"33, 36, 43, 101, 104, 108, 110, 111, 113, 119, 120, 127, 236, 249, 258, 331, 406, 414, 479",2022-03-01,98.82
"33, 36, 43, 101, 104, 108, 110, 111, 113, 119, 120, 127, 236, 249, 258, 331, 406, 414, 479",2022-04-01,31.1
"33, 36, 43, 101, 104, 108, 110, 111, 113, 119, 120, 127, 236, 249, 258, 331, 406, 414, 479",2022-05-01,10.63
"33, 36, 43, 101, 104, 108, 110, 111, 113, 119, 120, 127, 236, 249, 258, 331, 406, 414, 479",2022-09-01,1.97
"33, 36, 43, 101, 104, 108, 110, 111, 113, 119, 120, 127, 236, 249, 258, 331, 406, 414, 479",2022-10-01,2.36
"33, 36, 43, 101, 104, 108, 110, 111, 113, 119, 120, 127, 236, 249, 258, 331, 406, 414, 479",2022-11-01,96.85
"33, 36, 43, 101, 104, 108, 110, 111, 113, 119, 120, 127, 236, 249, 258, 331, 406, 414, 479",2022-12-01,97.64
"33, 36, 47, 96, 97, 101, 104, 108, 111, 113, 120, 127, 249, 258, 331, 406, 414, 417, 432",2022-01-01,99.21
"33, 36, 47, 96, 97, 101, 104, 108, 111, 113, 120, 127, 249, 258, 331, 406, 414, 417, 432",2022-02-01,100
"33, 36, 47, 96, 97, 101, 104, 108, 111, 113, 120, 127, 249, 258, 331, 406, 414, 417, 432",2022-03-01,100
"33, 36, 47, 96, 97, 101, 104, 108, 111, 113, 120, 127, 249, 258, 331, 406, 414, 417, 432",2022-04-01,100
"33, 36, 47, 96, 97, 101, 104, 108, 111, 113, 120, 127, 249, 258, 331, 406, 414, 417, 432",2022-05-01,68.11
"33, 36, 47, 96, 97, 101, 104, 108, 111, 113, 120, 127, 249, 258, 331, 406, 414, 417, 432",2022-06-01,4.33
"33, 36, 47, 96, 97, 101, 104, 108, 111, 113, 120, 127, 249, 258, 331, 406, 414, 417, 432",2022-09-01,5.91
"33, 36, 47, 96, 97, 101, 104, 108, 111, 113, 120, 127, 249, 258, 331, 406, 414, 417, 432",2022-10-01,8.66
"33, 36, 47, 96, 97, 101, 104, 108, 111, 113, 120, 127, 249, 258, 331, 406, 414, 417, 432",2022-11-01,99.61
"33, 36, 47, 96, 97, 101, 104, 108, 111, 113, 120, 127, 249, 258, 331, 406, 414, 417, 432",2022-12-01,99.61
"33, 42, 44, 141, 176, 201, 249, 258, 294, 330, 331, 406, 479",2022-01-01,96.85
"33, 42, 44, 141, 176, 201, 249, 258, 294, 330, 331, 406, 479",2022-02-01,99.21
"33, 42, 44, 141, 176, 201, 249, 258, 294, 330, 331, 406, 479",2022-03-01,100
"33, 42, 44, 141, 176, 201, 249, 258, 294, 330, 331, 406, 479",2022-04-01,90.55
"33, 42, 44, 141, 176, 201, 249, 258, 294, 330, 331, 406, 479",2022-05-01,25.2
"33, 42, 44, 141, 176, 201, 249, 258, 294, 330, 331, 406, 479",2022-06-01,0.39
"33, 42, 44, 141, 176, 201, 249, 258, 294, 330, 331, 406, 479",2022-11-01,51.57
"33, 42, 44, 141, 176, 201, 249, 258, 294, 330, 331, 406, 479",2022-12-01,92.91
"34, 127, 246, 249, 294, 331, 376, 385, 397, 406, 432, 434",2022-01-01,75.2
"34, 127, 246, 249, 294, 331, 376, 385, 397, 406, 432, 434",2022-02-01,91.34
"34, 127, 246, 249, 294, 331, 376, 385, 397, 406, 432, 434",2022-03-01,7.48
"34, 127, 246, 249, 294, 331, 376, 385, 397, 406, 432, 434",2022-04-01,87.8
"34, 127, 246, 249, 294, 331, 376, 385, 397, 406, 432, 434",2022-05-01,2.76
"34, 127, 246, 249, 294, 331, 376, 385, 397, 406, 432, 434",2022-11-01,96.06
"34, 127, 246, 249, 294, 331, 376, 385, 397, 406, 432, 434",2022-12-01,95.67
"34, 127, 246, 285, 353, 365, 376, 385, 397, 432, 434, 476",2022-01-01,42.52
"34, 127, 246, 285, 353, 365, 376, 385, 397, 432, 434, 476",2022-02-01,1.57
"34, 127, 246, 285, 353, 365, 376, 385, 397, 432, 434, 476",2022-11-01,0.39
"34, 127, 246, 285, 353, 365, 376, 385, 397, 432, 434, 476",2022-12-01,93.31
"34, 246, 285, 353, 365, 376, 385, 434, 476",2022-01-01,2.36
"34, 246, 285, 353, 365, 376, 385, 434, 476",2022-02-01,3.15
"34, 246, 285, 353, 365, 376, 385, 434, 476",2022-11-01,1.18
"34, 246, 285, 353, 365, 376, 385, 434, 476",2022-12-01,40.16
"34, 246, 294, 331, 376, 385, 406, 434",2022-01-01,93.31
"34, 246, 294, 331, 376, 385, 406, 434",2022-02-01,90.94
"34, 246, 294, 331, 376, 385, 406, 434",2022-03-01,66.14
"34, 246, 294, 331, 376, 385, 406, 434",2022-04-01,59.45
"34, 246, 294, 331, 376, 385, 406, 434",2022-05-01,1.57
"34, 246, 294, 331, 376, 385, 406, 434",2022-11-01,34.25
"34, 246, 294, 331, 376, 385, 406, 434",2022-12-01,100
"34, 246, 294, 376, 385, 434",2022-04-01,1.57
"34, 246, 294, 376, 385, 434",2022-12-01,2.76
"34, 246, 353, 376, 385, 434, 476",2022-01-01,3.94
"34, 246, 353, 376, 385, 434, 476",2022-02-01,19.29
"34, 246, 353, 376, 385, 434, 476",2022-03-01,7.48
"34, 246, 353, 376, 385, 434, 476",2022-04-01,4.33
"34, 246, 353, 376, 385, 434, 476",2022-12-01,73.23
"34, 294, 330",2022-01-01,53.54
"34, 294, 330",2022-02-01,69.69
"34, 294, 330",2022-03-01,5.91
"34, 294, 330",2022-04-01,31.89
"34, 294, 330",2022-11-01,33.46
"34, 294, 330",2022-12-01,97.24
"34, 294, 330, 376, 385",2022-03-01,1.97
"34, 36, 47, 55, 96, 100, 101, 127, 249, 294, 331, 376, 397, 406, 414, 432",2022-01-01,81.1
"34, 36, 47, 55, 96, 100, 101, 127, 249, 294, 331, 376, 397, 406, 414, 432",2022-02-01,98.03
"34, 36, 47, 55, 96, 100, 101, 127, 249, 294, 331, 376, 397, 406, 414, 432",2022-03-01,79.92
"34, 36, 47, 55, 96, 100, 101, 127, 249, 294, 331, 376, 397, 406, 414, 432",2022-04-01,76.77
"34, 36, 47, 55, 96, 100, 101, 127, 249, 294, 331, 376, 397, 406, 414, 432",2022-05-01,37.01
"34, 36, 47, 55, 96, 100, 101, 127, 249, 294, 331, 376, 397, 406, 414, 432",2022-10-01,6.3
"34, 36, 47, 55, 96, 100, 101, 127, 249, 294, 331, 376, 397, 406, 414, 432",2022-11-01,67.32
"34, 36, 47, 55, 96, 100, 101, 127, 249, 294, 331, 376, 397, 406, 414, 432",2022-12-01,91.73
"34, 36, 47, 55, 96, 100, 127, 285, 353, 365, 376, 397, 414, 432, 476",2022-01-01,25.59
"34, 36, 47, 55, 96, 100, 127, 285, 353, 365, 376, 397, 414, 432, 476",2022-03-01,1.97
"34, 36, 47, 55, 96, 100, 127, 285, 353, 365, 376, 397, 414, 432, 476",2022-11-01,9.84
"34, 36, 47, 55, 96, 100, 127, 285, 353, 365, 376, 397, 414, 432, 476",2022-12-01,67.32
"35, 37, 92, 102, 109, 112, 114, 122, 148, 222, 240, 252, 308, 370, 372, 395, 403, 442, 465",2022-01-01,97.24
"35, 37, 92, 102, 109, 112, 114, 122, 148, 222, 240, 252, 308, 370, 372, 395, 403, 442, 465",2022-02-01,97.64
"35, 37, 92, 102, 109, 112, 114, 122, 148, 222, 240, 252, 308, 370, 372, 395, 403, 442, 465",2022-03-01,100
"35, 37, 92, 102, 109, 112, 114, 122, 148, 222, 240, 252, 308, 370, 372, 395, 403, 442, 465",2022-04-01,93.7
"35, 37, 92, 102, 109, 112, 114, 122, 148, 222, 240, 252, 308, 370, 372, 395, 403, 442, 465",2022-05-01,6.69
"35, 37, 92, 102, 109, 112, 114, 122, 148, 222, 240, 252, 308, 370, 372, 395, 403, 442, 465",2022-09-01,0.79
"35, 37, 92, 102, 109, 112, 114, 122, 148, 222, 240, 252, 308, 370, 372, 395, 403, 442, 465",2022-11-01,98.03
"35, 37, 92, 102, 109, 112, 114, 122, 148, 222, 240, 252, 308, 370, 372, 395, 403, 442, 465",2022-12-01,94.09
"35, 37, 92, 99, 102, 106, 109, 117, 148, 222, 240, 252, 255, 308, 326, 395, 403, 445, 474",2022-01-01,96.06
"35, 37, 92, 99, 102, 106, 109, 117, 148, 222, 240, 252, 255, 308, 326, 395, 403, 445, 474",2022-02-01,93.7
"35, 37, 92, 99, 102, 106, 109, 117, 148, 222, 240, 252, 255, 308, 326, 395, 403, 445, 474",2022-03-01,91.73
"35, 37, 92, 99, 102, 106, 109, 117, 148, 222, 240, 252, 255, 308, 326, 395, 403, 445, 474",2022-04-01,70.47
"35, 37, 92, 99, 102, 106, 109, 117, 148, 222, 240, 252, 255, 308, 326, 395, 403, 445, 474",2022-05-01,2.36
"35, 37, 92, 99, 102, 106, 109, 117, 148, 222, 240, 252, 255, 308, 326, 395, 403, 445, 474",2022-09-01,0.79
"35, 37, 92, 99, 102, 106, 109, 117, 148, 222, 240, 252, 255, 308, 326, 395, 403, 445, 474",2022-11-01,70.87
"35, 37, 92, 99, 102, 106, 109, 117, 148, 222, 240, 252, 255, 308, 326, 395, 403, 445, 474",2022-12-01,90.16
"35, 84, 99, 106, 109, 117, 148, 180, 184, 222, 252, 255, 333, 363, 375, 401, 424, 426, 460",2022-01-01,97.24
"35, 84, 99, 106, 109, 117, 148, 180, 184, 222, 252, 255, 333, 363, 375, 401, 424, 426, 460",2022-02-01,98.03
"35, 84, 99, 106, 109, 117, 148, 180, 184, 222, 252, 255, 333, 363, 375, 401, 424, 426, 460",2022-03-01,91.73
"35, 84, 99, 106, 109, 117, 148, 180, 184, 222, 252, 255, 333, 363, 375, 401, 424, 426, 460",2022-04-01,94.49
"35, 84, 99, 106, 109, 117, 148, 180, 184, 222, 252, 255, 333, 363, 375, 401, 424, 426, 460",2022-11-01,56.69
"35, 84, 99, 106, 109, 117, 148, 180, 184, 222, 252, 255, 333, 363, 375, 401, 424, 426, 460",2022-12-01,97.24
"35, 84, 99, 106, 109, 117, 148, 180, 184, 222, 252, 255, 333, 395, 401, 403, 424, 426",2022-01-01,95.28
"35, 84, 99, 106, 109, 117, 148, 180, 184, 222, 252, 255, 333, 395, 401, 403, 424, 426",2022-02-01,46.06
"35, 84, 99, 106, 109, 117, 148, 180, 184, 222, 252, 255, 333, 395, 401, 403, 424, 426",2022-03-01,2.36
"35, 84, 99, 106, 109, 117, 148, 180, 184, 222, 252, 255, 333, 395, 401, 403, 424, 426",2022-11-01,9.06
"35, 84, 99, 106, 109, 117, 148, 180, 184, 222, 252, 255, 333, 395, 401, 403, 424, 426",2022-12-01,95.67
"35, 92, 109, 148, 180, 222, 240, 252, 308, 372, 395, 403",2022-01-01,99.61
"35, 92, 109, 148, 180, 222, 240, 252, 308, 372, 395, 403",2022-02-01,98.43
"35, 92, 109, 148, 180, 222, 240, 252, 308, 372, 395, 403",2022-03-01,91.34
"35, 92, 109, 148, 180, 222, 240, 252, 308, 372, 395, 403",2022-04-01,12.2
"35, 92, 109, 148, 180, 222, 240, 252, 308, 372, 395, 403",2022-11-01,1.97
"35, 92, 109, 148, 180, 222, 240, 252, 308, 372, 395, 403",2022-12-01,98.82
"35, 92, 99, 106, 109, 117, 148, 180, 222, 240, 252, 255, 308, 395, 401, 403",2022-01-01,95.67
"35, 92, 99, 106, 109, 117, 148, 180, 222, 240, 252, 255, 308, 395, 401, 403",2022-02-01,97.24
"35, 92, 99, 106, 109, 117, 148, 180, 222, 240, 252, 255, 308, 395, 401, 403",2022-03-01,97.24
"35, 92, 99, 106, 109, 117, 148, 180, 222, 240, 252, 255, 308, 395, 401, 403",2022-04-01,93.7
"35, 92, 99, 106, 109, 117, 148, 180, 222, 240, 252, 255, 308, 395, 401, 403",2022-05-01,2.76
"35, 92, 99, 106, 109, 117, 148, 180, 222, 240, 252, 255, 308, 395, 401, 403",2022-06-01,0.79
"35, 92, 99, 106, 109, 117, 148, 180, 222, 240, 252, 255, 308, 395, 401, 403",2022-10-01,2.36
"35, 92, 99, 106, 109, 117, 148, 180, 222, 240, 252, 255, 308, 395, 401, 403",2022-11-01,98.03
"35, 92, 99, 106, 109, 117, 148, 180, 222, 240, 252, 255, 308, 395, 401, 403",2022-12-01,97.64
"35, 99, 102, 106, 109, 115, 117, 148, 184, 222, 252, 255, 326, 333, 395, 403, 424, 426, 445, 474",2022-01-01,98.03
"35, 99, 102, 106, 109, 115, 117, 148, 184, 222, 252, 255, 326, 333, 395, 403, 424, 426, 445, 474",2022-02-01,99.61
"35, 99, 102, 106, 109, 115, 117, 148, 184, 222, 252, 255, 326, 333, 395, 403, 424, 426, 445, 474",2022-03-01,100
"35, 99, 102, 106, 109, 115, 117, 148, 184, 222, 252, 255, 326, 333, 395, 403, 424, 426, 445, 474",2022-04-01,100
"35, 99, 102, 106, 109, 115, 117, 148, 184, 222, 252, 255, 326, 333, 395, 403, 424, 426, 445, 474",2022-05-01,33.46
"35, 99, 102, 106, 109, 115, 117, 148, 184, 222, 252, 255, 326, 333, 395, 403, 424, 426, 445, 474",2022-09-01,31.5
"35, 99, 102, 106, 109, 115, 117, 148, 184, 222, 252, 255, 326, 333, 395, 403, 424, 426, 445, 474",2022-11-01,98.03
"35, 99, 102, 106, 109, 115, 117, 148, 184, 222, 252, 255, 326, 333, 395, 403, 424, 426, 445, 474",2022-12-01,98.03
"35, 99, 106, 109, 115, 117, 148, 184, 222, 252, 255, 326, 333, 363, 375, 416, 421, 424, 426, 445, 460, 474",2022-01-01,96.46
"35, 99, 106, 109, 115, 117, 148, 184, 222, 252, 255, 326, 333, 363, 375, 416, 421, 424, 426, 445, 460, 474",2022-02-01,99.21
"35, 99, 106, 109, 115, 117, 148, 184, 222, 252, 255, 326, 333, 363, 375, 416, 421, 424, 426, 445, 460, 474",2022-03-01,98.43
"35, 99, 106, 109, 115, 117, 148, 184, 222, 252, 255, 326, 333, 363, 375, 416, 421, 424, 426, 445, 460, 474",2022-04-01,100
"35, 99, 106, 109, 115, 117, 148, 184, 222, 252, 255, 326, 333, 363, 375, 416, 421, 424, 426, 445, 460, 474",2022-05-01,3.54
"35, 99, 106, 109, 115, 117, 148, 184, 222, 252, 255, 326, 333, 363, 375, 416, 421, 424, 426, 445, 460, 474",2022-09-01,14.17
"35, 99, 106, 109, 115, 117, 148, 184, 222, 252, 255, 326, 333, 363, 375, 416, 421, 424, 426, 445, 460, 474",2022-11-01,55.51
"35, 99, 106, 109, 115, 117, 148, 184, 222, 252, 255, 326, 333, 363, 375, 416, 421, 424, 426, 445, 460, 474",2022-12-01,92.52
"35, 99, 106, 109, 115, 117, 148, 222, 252, 255, 326, 333, 363, 416, 421, 424, 426, 445, 456, 468, 474",2022-01-01,98.82
"35, 99, 106, 109, 115, 117, 148, 222, 252, 255, 326, 333, 363, 416, 421, 424, 426, 445, 456, 468, 474",2022-02-01,97.64
"35, 99, 106, 109, 115, 117, 148, 222, 252, 255, 326, 333, 363, 416, 421, 424, 426, 445, 456, 468, 474",2022-03-01,99.21
"35, 99, 106, 109, 115, 117, 148, 222, 252, 255, 326, 333, 363, 416, 421, 424, 426, 445, 456, 468, 474",2022-04-01,40.55
"35, 99, 106, 109, 115, 117, 148, 222, 252, 255, 326, 333, 363, 416, 421, 424, 426, 445, 456, 468, 474",2022-05-01,0.39
"35, 99, 106, 109, 115, 117, 148, 222, 252, 255, 326, 333, 363, 416, 421, 424, 426, 445, 456, 468, 474",2022-09-01,0.39
"35, 99, 106, 109, 115, 117, 148, 222, 252, 255, 326, 333, 363, 416, 421, 424, 426, 445, 456, 468, 474",2022-11-01,29.92
"35, 99, 106, 109, 115, 117, 148, 222, 252, 255, 326, 333, 363, 416, 421, 424, 426, 445, 456, 468, 474",2022-12-01,96.06
"35, 99, 106, 115, 117, 148, 252, 326, 416, 421, 424, 445, 456, 468, 474",2022-01-01,94.49
"35, 99, 106, 115, 117, 148, 252, 326, 416, 421, 424, 445, 456, 468, 474",2022-02-01,98.03
"35, 99, 106, 115, 117, 148, 252, 326, 416, 421, 424, 445, 456, 468, 474",2022-03-01,3.94
"35, 99, 106, 115, 117, 148, 252, 326, 416, 421, 424, 445, 456, 468, 474",2022-04-01,3.15
"35, 99, 106, 115, 117, 148, 252, 326, 416, 421, 424, 445, 456, 468, 474",2022-11-01,4.33
"35, 99, 106, 115, 117, 148, 252, 326, 416, 421, 424, 445, 456, 468, 474",2022-12-01,93.31
"36, 43, 101, 104, 108, 110, 111, 113, 119, 120, 127, 147, 236, 249, 258, 414, 422, 428, 440, 443, 449, 470, 492",2022-01-01,97.64
"36, 43, 101, 104, 108, 110, 111, 113, 119, 120, 127, 147, 236, 249, 258, 414, 422, 428, 440, 443, 449, 470, 492",2022-02-01,100
"36, 43, 101, 104, 108, 110, 111, 113, 119, 120, 127, 147, 236, 249, 258, 414, 422, 428, 440, 443, 449, 470, 492",2022-03-01,98.43
"36, 43, 101, 104, 108, 110, 111, 113, 119, 120, 127, 147, 236, 249, 258, 414, 422, 428, 440, 443, 449, 470, 492",2022-04-01,92.52
"36, 43, 101, 104, 108, 110, 111, 113, 119, 120, 127, 147, 236, 249, 258, 414, 422, 428, 440, 443, 449, 470, 492",2022-05-01,18.5
"36, 43, 101, 104, 108, 110, 111, 113, 119, 120, 127, 147, 236, 249, 258, 414, 422, 428, 440, 443, 449, 470, 492",2022-06-01,2.36
"36, 43, 101, 104, 108, 110, 111, 113, 119, 120, 127, 147, 236, 249, 258, 414, 422, 428, 440, 443, 449, 470, 492",2022-10-01,2.76
"36, 43, 101, 104, 108, 110, 111, 113, 119, 120, 127, 147, 236, 249, 258, 414, 422, 428, 440, 443, 449, 470, 492",2022-11-01,68.5
"36, 43, 101, 104, 108, 110, 111, 113, 119, 120, 127, 147, 236, 249, 258, 414, 422, 428, 440, 443, 449, 470, 492",2022-12-01,97.24
"36, 43, 101, 104, 108, 110, 111, 113, 119, 120, 147, 236, 414, 422, 428, 440, 443, 449, 470, 492",2022-01-01,96.06
"36, 43, 101, 104, 108, 110, 111, 113, 119, 120, 147, 236, 414, 422, 428, 440, 443, 449, 470, 492",2022-02-01,93.7
"36, 43, 101, 104, 108, 110, 111, 113, 119, 120, 147, 236, 414, 422, 428, 440, 443, 449, 470, 492",2022-03-01,80.31
"36, 43, 101, 104, 108, 110, 111, 113, 119, 120, 147, 236, 414, 422, 428, 440, 443, 449, 470, 492",2022-04-01,20.08
"36, 43, 101, 104, 108, 110, 111, 113, 119, 120, 147, 236, 414, 422, 428, 440, 443, 449, 470, 492",2022-05-01,1.18
"36, 43, 101, 104, 108, 110, 111, 113, 119, 120, 147, 236, 414, 422, 428, 440, 443, 449, 470, 492",2022-09-01,3.15
"36, 43, 101, 104, 108, 110, 111, 113, 119, 120, 147, 236, 414, 422, 428, 440, 443, 449, 470, 492",2022-11-01,88.19
"36, 43, 101, 104, 108, 110, 111, 113, 119, 120, 147, 236, 414, 422, 428, 440, 443, 449, 470, 492",2022-12-01,94.09
"36, 47, 55, 96, 97, 100, 101, 105, 127, 147, 249, 339, 364, 397, 414, 417, 418, 422, 432, 492, 496, 497",2022-01-01,94.09
"36, 47, 55, 96, 97, 100, 101, 105, 127, 147, 249, 339, 364, 397, 414, 417, 418, 422, 432, 492, 496, 497",2022-02-01,94.09
"36, 47, 55, 96, 97, 100, 101, 105, 127, 147, 249, 339, 364, 397, 414, 417, 418, 422, 432, 492, 496, 497",2022-03-01,86.22
"36, 47, 55, 96, 97, 100, 101, 105, 127, 147, 249, 339, 364, 397, 414, 417, 418, 422, 432, 492, 496, 497",2022-04-01,75.98
"36, 47, 55, 96, 97, 100, 101, 105, 127, 147, 249, 339, 364, 397, 414, 417, 418, 422, 432, 492, 496, 497",2022-05-01,15.35
"36, 47, 55, 96, 97, 100, 101, 105, 127, 147, 249, 339, 364, 397, 414, 417, 418, 422, 432, 492, 496, 497",2022-10-01,7.87
"36, 47, 55, 96, 97, 100, 101, 105, 127, 147, 249, 339, 364, 397, 414, 417, 418, 422, 432, 492, 496, 497",2022-11-01,85.83
"36, 47, 55, 96, 97, 100, 101, 105, 127, 147, 249, 339, 364, 397, 414, 417, 418, 422, 432, 492, 496, 497",2022-12-01,96.46
"36, 47, 55, 96, 97, 100, 101, 105, 127, 249, 331, 397, 406, 414, 417, 418, 432",2022-01-01,97.64
"36, 47, 55, 96, 97, 100, 101, 105, 127, 249, 331, 397, 406, 414, 417, 418, 432",2022-02-01,100
"36, 47, 55, 96, 97, 100, 101, 105, 127, 249, 331, 397, 406, 414, 417, 418, 432",2022-03-01,100
"36, 47, 55, 96, 97, 100, 101, 105, 127, 249, 331, 397, 406, 414, 417, 418, 432",2022-04-01,100
"36, 47, 55, 96, 97, 100, 101, 105, 127, 249, 331, 397, 406, 414, 417, 418, 432",2022-05-01,94.88
"36, 47, 55, 96, 97, 100, 101, 105, 127, 249, 331, 397, 406, 414, 417, 418, 432",2022-06-01,78.35
"36, 47, 55, 96, 97, 100, 101, 105, 127, 249, 331, 397, 406, 414, 417, 418, 432",2022-07-01,56.69
"36, 47, 55, 96, 97, 100, 101, 105, 127, 249, 331, 397, 406, 414, 417, 418, 432",2022-08-01,51.18
"36, 47, 55, 96, 97, 100, 101, 105, 127, 249, 331, 397, 406, 414, 417, 418, 432",2022-09-01,66.93
"36, 47, 55, 96, 97, 100, 101, 105, 127, 249, 331, 397, 406, 414, 417, 418, 432",2022-10-01,88.58
"36, 47, 55, 96, 97, 100, 101, 105, 127, 249, 331, 397, 406, 414, 417, 418, 432",2022-11-01,98.43
"36, 47, 55, 96, 97, 100, 101, 105, 127, 249, 331, 397, 406, 414, 417, 418, 432",2022-12-01,99.61
"36, 47, 55, 96, 97, 100, 101, 105, 147, 339, 364, 414, 417, 418, 422, 492, 496, 497",2022-01-01,92.52
"36, 47, 55, 96, 97, 100, 101, 105, 147, 339, 364, 414, 417, 418, 422, 492, 496, 497",2022-02-01,95.28
"36, 47, 55, 96, 97, 100, 101, 105, 147, 339, 364, 414, 417, 418, 422, 492, 496, 497",2022-03-01,95.67
"36, 47, 55, 96, 97, 100, 101, 105, 147, 339, 364, 414, 417, 418, 422, 492, 496, 497",2022-04-01,44.49
"36, 47, 55, 96, 97, 100, 101, 105, 147, 339, 364, 414, 417, 418, 422, 492, 496, 497",2022-05-01,3.15
"36, 47, 55, 96, 97, 100, 101, 105, 147, 339, 364, 414, 417, 418, 422, 492, 496, 497",2022-11-01,83.07
"36, 47, 55, 96, 97, 100, 101, 105, 147, 339, 364, 414, 417, 418, 422, 492, 496, 497",2022-12-01,99.21
"36, 47, 55, 96, 97, 100, 105, 127, 147, 339, 364, 397, 414, 417, 418, 422, 423, 432, 496, 497",2022-01-01,93.31
"36, 47, 55, 96, 97, 100, 105, 127, 147, 339, 364, 397, 414, 417, 418, 422, 423, 432, 496, 497",2022-02-01,96.06
"36, 47, 55, 96, 97, 100, 105, 127, 147, 339, 364, 397, 414, 417, 418, 422, 423, 432, 496, 497",2022-03-01,96.85
"36, 47, 55, 96, 97, 100, 105, 127, 147, 339, 364, 397, 414, 417, 418, 422, 423, 432, 496, 497",2022-04-01,100
"36, 47, 55, 96, 97, 100, 105, 127, 147, 339, 364, 397, 414, 417, 418, 422, 423, 432, 496, 497",2022-09-01,0.39
"36, 47, 55, 96, 97, 100, 105, 127, 147, 339, 364, 397, 414, 417, 418, 422, 423, 432, 496, 497",2022-11-01,92.91
"36, 47, 55, 96, 97, 100, 105, 127, 147, 339, 364, 397, 414, 417, 418, 422, 423, 432, 496, 497",2022-12-01,96.85
"36, 47, 55, 96, 97, 100, 105, 127, 285, 365, 397, 414, 417, 418, 423, 432",2022-01-01,92.91
"36, 47, 55, 96, 97, 100, 105, 127, 285, 365, 397, 414, 417, 418, 423, 432",2022-02-01,98.82
"36, 47, 55, 96, 97, 100, 105, 127, 285, 365, 397, 414, 417, 418, 423, 432",2022-03-01,100
"36, 47, 55, 96, 97, 100, 105, 127, 285, 365, 397, 414, 417, 418, 423, 432",2022-04-01,46.85
"36, 47, 55, 96, 97, 100, 105, 127, 285, 365, 397, 414, 417, 418, 423, 432",2022-05-01,10.24
"36, 47, 55, 96, 97, 100, 105, 127, 285, 365, 397, 414, 417, 418, 423, 432",2022-10-01,3.54
"36, 47, 55, 96, 97, 100, 105, 127, 285, 365, 397, 414, 417, 418, 423, 432",2022-11-01,66.54
"36, 47, 55, 96, 97, 100, 105, 127, 285, 365, 397, 414, 417, 418, 423, 432",2022-12-01,100
"36, 47, 96, 97, 101, 104, 108, 111, 113, 120, 127, 147, 249, 258, 339, 364, 414, 417, 422, 432, 440, 443, 470, 492, 497",2022-01-01,91.34
"36, 47, 96, 97, 101, 104, 108, 111, 113, 120, 127, 147, 249, 258, 339, 364, 414, 417, 422, 432, 440, 443, 470, 492, 497",2022-02-01,100
"36, 47, 96, 97, 101, 104, 108, 111, 113, 120, 127, 147, 249, 258, 339, 364, 414, 417, 422, 432, 440, 443, 470, 492, 497",2022-03-01,14.57
"36, 47, 96, 97, 101, 104, 108, 111, 113, 120, 127, 147, 249, 258, 339, 364, 414, 417, 422, 432, 440, 443, 470, 492, 497",2022-04-01,13.39
"36, 47, 96, 97, 101, 104, 108, 111, 113, 120, 127, 147, 249, 258, 339, 364, 414, 417, 422, 432, 440, 443, 470, 492, 497",2022-05-01,0.39
"36, 47, 96, 97, 101, 104, 108, 111, 113, 120, 127, 147, 249, 258, 339, 364, 414, 417, 422, 432, 440, 443, 470, 492, 497",2022-11-01,72.05
"36, 47, 96, 97, 101, 104, 108, 111, 113, 120, 127, 147, 249, 258, 339, 364, 414, 417, 422, 432, 440, 443, 470, 492, 497",2022-12-01,100
"36, 47, 96, 97, 101, 104, 108, 111, 113, 120, 147, 339, 364, 414, 417, 422, 440, 443, 470, 492, 497",2022-01-01,96.06
"36, 47, 96, 97, 101, 104, 108, 111, 113, 120, 147, 339, 364, 414, 417, 422, 440, 443, 470, 492, 497",2022-02-01,95.28
"36, 47, 96, 97, 101, 104, 108, 111, 113, 120, 147, 339, 364, 414, 417, 422, 440, 443, 470, 492, 497",2022-03-01,82.28
"36, 47, 96, 97, 101, 104, 108, 111, 113, 120, 147, 339, 364, 414, 417, 422, 440, 443, 470, 492, 497",2022-04-01,66.14
"36, 47, 96, 97, 101, 104, 108, 111, 113, 120, 147, 339, 364, 414, 417, 422, 440, 443, 470, 492, 497",2022-05-01,2.76
"36, 47, 96, 97, 101, 104, 108, 111, 113, 120, 147, 339, 364, 414, 417, 422, 440, 443, 470, 492, 497",2022-11-01,49.61
"36, 47, 96, 97, 101, 104, 108, 111, 113, 120, 147, 339, 364, 414, 417, 422, 440, 443, 470, 492, 497",2022-12-01,97.24
"37, 107, 112, 114, 116, 118, 121, 122, 205, 370, 439, 442, 465, 478",2022-01-01,38.58
"37, 107, 112, 114, 116, 118, 121, 122, 205, 370, 439, 442, 465, 478",2022-02-01,0.79
"37, 107, 112, 114, 116, 118, 121, 122, 205, 370, 439, 442, 465, 478",2022-11-01,3.54
"37, 107, 112, 114, 116, 118, 121, 122, 205, 370, 439, 442, 465, 478",2022-12-01,33.46
"37, 92, 102, 112, 114, 116, 118, 121, 122, 240, 243, 277, 308, 370, 372, 395, 403, 442, 465",2022-01-01,96.46
"37, 92, 102, 112, 114, 116, 118, 121, 122, 240, 243, 277, 308, 370, 372, 395, 403, 442, 465",2022-02-01,99.21
"37, 92, 102, 112, 114, 116, 118, 121, 122, 240, 243, 277, 308, 370, 372, 395, 403, 442, 465",2022-03-01,98.03
"37, 92, 102, 112, 114, 116, 118, 121, 122, 240, 243, 277, 308, 370, 372, 395, 403, 442, 465",2022-04-01,75.2
"37, 92, 102, 112, 114, 116, 118, 121, 122, 240, 243, 277, 308, 370, 372, 395, 403, 442, 465",2022-05-01,20.47
"37, 92, 102, 112, 114, 116, 118, 121, 122, 240, 243, 277, 308, 370, 372, 395, 403, 442, 465",2022-06-01,2.76
"37, 92, 102, 112, 114, 116, 118, 121, 122, 240, 243, 277, 308, 370, 372, 395, 403, 442, 465",2022-07-01,0.39
"37, 92, 102, 112, 114, 116, 118, 121, 122, 240, 243, 277, 308, 370, 372, 395, 403, 442, 465",2022-08-01,0.39
"37, 92, 102, 112, 114, 116, 118, 121, 122, 240, 243, 277, 308, 370, 372, 395, 403, 442, 465",2022-09-01,0.39
"37, 92, 102, 112, 114, 116, 118, 121, 122, 240, 243, 277, 308, 370, 372, 395, 403, 442, 465",2022-10-01,2.36
"37, 92, 102, 112, 114, 116, 118, 121, 122, 240, 243, 277, 308, 370, 372, 395, 403, 442, 465",2022-11-01,97.64
"37, 92, 102, 112, 114, 116, 118, 121, 122, 240, 243, 277, 308, 370, 372, 395, 403, 442, 465",2022-12-01,94.09
"37, 92, 107, 112, 114, 116, 118, 121, 122, 130, 161, 205, 240, 243, 277, 308, 370, 372, 442, 465",2022-01-01,98.82
"37, 92, 107, 112, 114, 116, 118, 121, 122, 130, 161, 205, 240, 243, 277, 308, 370, 372, 442, 465",2022-02-01,100
"37, 92, 107, 112, 114, 116, 118, 121, 122, 130, 161, 205, 240, 243, 277, 308, 370, 372, 442, 465",2022-03-01,100
"37, 92, 107, 112, 114, 116, 118, 121, 122, 130, 161, 205, 240, 243, 277, 308, 370, 372, 442, 465",2022-04-01,98.43
"37, 92, 107, 112, 114, 116, 118, 121, 122, 130, 161, 205, 240, 243, 277, 308, 370, 372, 442, 465",2022-05-01,45.67
"37, 92, 107, 112, 114, 116, 118, 121, 122, 130, 161, 205, 240, 243, 277, 308, 370, 372, 442, 465",2022-06-01,13.39
"37, 92, 107, 112, 114, 116, 118, 121, 122, 130, 161, 205, 240, 243, 277, 308, 370, 372, 442, 465",2022-09-01,1.18
"37, 92, 107, 112, 114, 116, 118, 121, 122, 130, 161, 205, 240, 243, 277, 308, 370, 372, 442, 465",2022-10-01,16.54
"37, 92, 107, 112, 114, 116, 118, 121, 122, 130, 161, 205, 240, 243, 277, 308, 370, 372, 442, 465",2022-11-01,94.88
"37, 92, 107, 112, 114, 116, 118, 121, 122, 130, 161, 205, 240, 243, 277, 308, 370, 372, 442, 465",2022-12-01,100
"37, 92, 107, 112, 114, 116, 118, 121, 122, 161, 205, 240, 277, 308, 370, 372, 439, 442, 465, 478",2022-01-01,98.03
"37, 92, 107, 112, 114, 116, 118, 121, 122, 161, 205, 240, 277, 308, 370, 372, 439, 442, 465, 478",2022-02-01,99.21
"37, 92, 107, 112, 114, 116, 118, 121, 122, 161, 205, 240, 277, 308, 370, 372, 439, 442, 465, 478",2022-03-01,99.61
"37, 92, 107, 112, 114, 116, 118, 121, 122, 161, 205, 240, 277, 308, 370, 372, 439, 442, 465, 478",2022-04-01,95.28
"37, 92, 107, 112, 114, 116, 118, 121, 122, 161, 205, 240, 277, 308, 370, 372, 439, 442, 465, 478",2022-05-01,1.97
"37, 92, 107, 112, 114, 116, 118, 121, 122, 161, 205, 240, 277, 308, 370, 372, 439, 442, 465, 478",2022-09-01,3.54
"37, 92, 107, 112, 114, 116, 118, 121, 122, 161, 205, 240, 277, 308, 370, 372, 439, 442, 465, 478",2022-11-01,53.94
"37, 92, 107, 112, 114, 116, 118, 121, 122, 161, 205, 240, 277, 308, 370, 372, 439, 442, 465, 478",2022-12-01,96.85
"37, 92, 107, 112, 114, 116, 118, 121, 122, 161, 205, 240, 277, 370, 439, 442, 465, 478",2022-01-01,99.61
"37, 92, 107, 112, 114, 116, 118, 121, 122, 161, 205, 240, 277, 370, 439, 442, 465, 478",2022-02-01,99.21
"37, 92, 107, 112, 114, 116, 118, 121, 122, 161, 205, 240, 277, 370, 439, 442, 465, 478",2022-03-01,33.46
"37, 92, 107, 112, 114, 116, 118, 121, 122, 161, 205, 240, 277, 370, 439, 442, 465, 478",2022-04-01,1.57
"37, 92, 107, 112, 114, 116, 118, 121, 122, 161, 205, 240, 277, 370, 439, 442, 465, 478",2022-11-01,11.81
"37, 92, 107, 112, 114, 116, 118, 121, 122, 161, 205, 240, 277, 370, 439, 442, 465, 478",2022-12-01,68.5
"38, 164, 173, 182, 319, 335",2022-12-01,14.57
"38, 57, 58, 65, 66, 67, 69, 70, 72, 73, 74, 75, 133, 149, 150, 151, 160, 172, 186, 188, 244, 256, 270, 288, 313, 335, 400, 484",2022-01-01,97.24
"38, 57, 58, 65, 66, 67, 69, 70, 72, 73, 74, 75, 133, 149, 150, 151, 160, 172, 186, 188, 244, 256, 270, 288, 313, 335, 400, 484",2022-02-01,79.13
"38, 57, 58, 65, 66, 67, 69, 70, 72, 73, 74, 75, 133, 149, 150, 151, 160, 172, 186, 188, 244, 256, 270, 288, 313, 335, 400, 484",2022-03-01,78.74
"38, 57, 58, 65, 66, 67, 69, 70, 72, 73, 74, 75, 133, 149, 150, 151, 160, 172, 186, 188, 244, 256, 270, 288, 313, 335, 400, 484",2022-04-01,52.36
"38, 57, 58, 65, 66, 67, 69, 70, 72, 73, 74, 75, 133, 149, 150, 151, 160, 172, 186, 188, 244, 256, 270, 288, 313, 335, 400, 484",2022-05-01,18.9
"38, 57, 58, 65, 66, 67, 69, 70, 72, 73, 74, 75, 133, 149, 150, 151, 160, 172, 186, 188, 244, 256, 270, 288, 313, 335, 400, 484",2022-06-01,0.79
"38, 57, 58, 65, 66, 67, 69, 70, 72, 73, 74, 75, 133, 149, 150, 151, 160, 172, 186, 188, 244, 256, 270, 288, 313, 335, 400, 484",2022-10-01,0.79
"38, 57, 58, 65, 66, 67, 69, 70, 72, 73, 74, 75, 133, 149, 150, 151, 160, 172, 186, 188, 244, 256, 270, 288, 313, 335, 400, 484",2022-11-01,91.34
"38, 57, 58, 65, 66, 67, 69, 70, 72, 73, 74, 75, 133, 149, 150, 151, 160, 172, 186, 188, 244, 256, 270, 288, 313, 335, 400, 484",2022-12-01,96.06
"38, 57, 58, 66, 67, 69, 70, 72, 73, 74, 75, 133, 149, 150, 160, 172, 186, 244, 256, 270, 288, 313, 335, 484",2022-01-01,97.24
"38, 57, 58, 66, 67, 69, 70, 72, 73, 74, 75, 133, 149, 150, 160, 172, 186, 244, 256, 270, 288, 313, 335, 484",2022-02-01,99.61
"38, 57, 58, 66, 67, 69, 70, 72, 73, 74, 75, 133, 149, 150, 160, 172, 186, 244, 256, 270, 288, 313, 335, 484",2022-03-01,100
"38, 57, 58, 66, 67, 69, 70, 72, 73, 74, 75, 133, 149, 150, 160, 172, 186, 244, 256, 270, 288, 313, 335, 484",2022-04-01,96.06
"38, 57, 58, 66, 67, 69, 70, 72, 73, 74, 75, 133, 149, 150, 160, 172, 186, 244, 256, 270, 288, 313, 335, 484",2022-05-01,50
"38, 57, 58, 66, 67, 69, 70, 72, 73, 74, 75, 133, 149, 150, 160, 172, 186, 244, 256, 270, 288, 313, 335, 484",2022-06-01,3.94
"38, 57, 58, 66, 67, 69, 70, 72, 73, 74, 75, 133, 149, 150, 160, 172, 186, 244, 256, 270, 288, 313, 335, 484",2022-10-01,5.91
"38, 57, 58, 66, 67, 69, 70, 72, 73, 74, 75, 133, 149, 150, 160, 172, 186, 244, 256, 270, 288, 313, 335, 484",2022-11-01,97.24
"38, 57, 58, 66, 67, 69, 70, 72, 73, 74, 75, 133, 149, 150, 160, 172, 186, 244, 256, 270, 288, 313, 335, 484",2022-12-01,98.43
"38, 57, 58, 66, 70, 72, 73, 133, 172, 186, 256, 270, 313, 335, 484",2022-01-01,48.43
"38, 57, 58, 66, 70, 72, 73, 133, 172, 186, 256, 270, 313, 335, 484",2022-02-01,20.47
"38, 57, 58, 66, 70, 72, 73, 133, 172, 186, 256, 270, 313, 335, 484",2022-03-01,24.8
"38, 57, 58, 66, 70, 72, 73, 133, 172, 186, 256, 270, 313, 335, 484",2022-04-01,19.69
"38, 57, 58, 66, 70, 72, 73, 133, 172, 186, 256, 270, 313, 335, 484",2022-05-01,9.84
"38, 57, 58, 66, 70, 72, 73, 133, 172, 186, 256, 270, 313, 335, 484",2022-11-01,15.35
"38, 57, 58, 66, 70, 72, 73, 133, 172, 186, 256, 270, 313, 335, 484",2022-12-01,99.21
"38, 57, 70, 73, 335",2022-01-01,0.39
"38, 57, 70, 73, 335",2022-02-01,18.11
"38, 57, 70, 73, 335",2022-03-01,13.39
"38, 57, 70, 73, 335",2022-04-01,10.24
"38, 57, 70, 73, 335",2022-12-01,93.31
"38, 59, 65, 67, 72, 73, 74, 75, 133, 150, 151, 160, 172, 186, 188, 244, 256, 270, 288, 313, 335, 400, 410, 484",2022-01-01,92.13
"38, 59, 65, 67, 72, 73, 74, 75, 133, 150, 151, 160, 172, 186, 188, 244, 256, 270, 288, 313, 335, 400, 410, 484",2022-02-01,94.49
"38, 59, 65, 67, 72, 73, 74, 75, 133, 150, 151, 160, 172, 186, 188, 244, 256, 270, 288, 313, 335, 400, 410, 484",2022-03-01,21.65
"38, 59, 65, 67, 72, 73, 74, 75, 133, 150, 151, 160, 172, 186, 188, 244, 256, 270, 288, 313, 335, 400, 410, 484",2022-04-01,1.57
"38, 59, 65, 67, 72, 73, 74, 75, 133, 150, 151, 160, 172, 186, 188, 244, 256, 270, 288, 313, 335, 400, 410, 484",2022-11-01,15.35
"38, 59, 65, 67, 72, 73, 74, 75, 133, 150, 151, 160, 172, 186, 188, 244, 256, 270, 288, 313, 335, 400, 410, 484",2022-12-01,98.03
"38, 59, 65, 72, 75, 133, 164, 186, 188, 244, 268, 335, 410, 484",2022-01-01,74.41
"38, 59, 65, 72, 75, 133, 164, 186, 188, 244, 268, 335, 410, 484",2022-02-01,28.74
"38, 59, 65, 72, 75, 133, 164, 186, 188, 244, 268, 335, 410, 484",2022-03-01,2.36
"38, 59, 65, 72, 75, 133, 164, 186, 188, 244, 268, 335, 410, 484",2022-04-01,0.39
"38, 59, 65, 72, 75, 133, 164, 186, 188, 244, 268, 335, 410, 484",2022-11-01,0.39
"38, 59, 65, 72, 75, 133, 164, 186, 188, 244, 268, 335, 410, 484",2022-12-01,80.71
"38, 59, 67, 72, 73, 74, 75, 133, 150, 160, 172, 186, 244, 256, 270, 288, 313, 335, 484",2022-01-01,97.24
"38, 59, 67, 72, 73, 74, 75, 133, 150, 160, 172, 186, 244, 256, 270, 288, 313, 335, 484",2022-02-01,98.43
"38, 59, 67, 72, 73, 74, 75, 133, 150, 160, 172, 186, 244, 256, 270, 288, 313, 335, 484",2022-03-01,100
"38, 59, 67, 72, 73, 74, 75, 133, 150, 160, 172, 186, 244, 256, 270, 288, 313, 335, 484",2022-04-01,78.35
"38, 59, 67, 72, 73, 74, 75, 133, 150, 160, 172, 186, 244, 256, 270, 288, 313, 335, 484",2022-05-01,18.5
"38, 59, 67, 72, 73, 74, 75, 133, 150, 160, 172, 186, 244, 256, 270, 288, 313, 335, 484",2022-11-01,94.49
"38, 59, 67, 72, 73, 74, 75, 133, 150, 160, 172, 186, 244, 256, 270, 288, 313, 335, 484",2022-12-01,98.03
"38, 59, 72, 75, 133, 164, 173, 186, 244, 268, 335, 484",2022-01-01,97.64
"38, 59, 72, 75, 133, 164, 173, 186, 244, 268, 335, 484",2022-02-01,94.09
"38, 59, 72, 75, 133, 164, 173, 186, 244, 268, 335, 484",2022-03-01,77.95
"38, 59, 72, 75, 133, 164, 173, 186, 244, 268, 335, 484",2022-04-01,61.81
"38, 59, 72, 75, 133, 164, 173, 186, 244, 268, 335, 484",2022-05-01,5.12
"38, 59, 72, 75, 133, 164, 173, 186, 244, 268, 335, 484",2022-11-01,96.06
"38, 59, 72, 75, 133, 164, 173, 186, 244, 268, 335, 484",2022-12-01,98.03
"38, 72, 133, 164, 173, 186, 268, 319, 335, 484",2022-01-01,91.73
"38, 72, 133, 164, 173, 186, 268, 319, 335, 484",2022-02-01,90.55
"38, 72, 133, 164, 173, 186, 268, 319, 335, 484",2022-03-01,55.51
"38, 72, 133, 164, 173, 186, 268, 319, 335, 484",2022-04-01,67.72
"38, 72, 133, 164, 173, 186, 268, 319, 335, 484",2022-05-01,11.02
"38, 72, 133, 164, 173, 186, 268, 319, 335, 484",2022-11-01,46.06
"38, 72, 133, 164, 173, 186, 268, 319, 335, 484",2022-12-01,98.43
"38, 72, 73, 133, 172, 186, 256, 270, 313, 335, 484",2022-01-01,91.34
"38, 72, 73, 133, 172, 186, 256, 270, 313, 335, 484",2022-02-01,89.37
"38, 72, 73, 133, 172, 186, 256, 270, 313, 335, 484",2022-03-01,4.72
"38, 72, 73, 133, 172, 186, 256, 270, 313, 335, 484",2022-04-01,59.06
"38, 72, 73, 133, 172, 186, 256, 270, 313, 335, 484",2022-05-01,3.94
"38, 72, 73, 133, 172, 186, 256, 270, 313, 335, 484",2022-11-01,13.39
"38, 72, 73, 133, 172, 186, 256, 270, 313, 335, 484",2022-12-01,94.49
"38, 73, 335",2022-12-01,0.39
"39, 103, 107, 112, 114, 116, 118, 121, 122, 130, 161, 205, 228, 243, 277, 279, 324, 370, 372, 442, 458, 465, 469",2022-01-01,97.64
"39, 103, 107, 112, 114, 116, 118, 121, 122, 130, 161, 205, 228, 243, 277, 279, 324, 370, 372, 442, 458, 465, 469",2022-02-01,100
"39, 103, 107, 112, 114, 116, 118, 121, 122, 130, 161, 205, 228, 243, 277, 279, 324, 370, 372, 442, 458, 465, 469",2022-03-01,100
"39, 103, 107, 112, 114, 116, 118, 121, 122, 130, 161, 205, 228, 243, 277, 279, 324, 370, 372, 442, 458, 465, 469",2022-04-01,100
"39, 103, 107, 112, 114, 116, 118, 121, 122, 130, 161, 205, 228, 243, 277, 279, 324, 370, 372, 442, 458, 465, 469",2022-05-01,68.5
"39, 103, 107, 112, 114, 116, 118, 121, 122, 130, 161, 205, 228, 243, 277, 279, 324, 370, 372, 442, 458, 465, 469",2022-06-01,14.96
"39, 103, 107, 112, 114, 116, 118, 121, 122, 130, 161, 205, 228, 243, 277, 279, 324, 370, 372, 442, 458, 465, 469",2022-07-01,0.39
"39, 103, 107, 112, 114, 116, 118, 121, 122, 130, 161, 205, 228, 243, 277, 279, 324, 370, 372, 442, 458, 465, 469",2022-09-01,1.18
"39, 103, 107, 112, 114, 116, 118, 121, 122, 130, 161, 205, 228, 243, 277, 279, 324, 370, 372, 442, 458, 465, 469",2022-10-01,19.29
"39, 103, 107, 112, 114, 116, 118, 121, 122, 130, 161, 205, 228, 243, 277, 279, 324, 370, 372, 442, 458, 465, 469",2022-11-01,85.43
"39, 103, 107, 112, 114, 116, 118, 121, 122, 130, 161, 205, 228, 243, 277, 279, 324, 370, 372, 442, 458, 465, 469",2022-12-01,98.03
"39, 103, 107, 112, 114, 116, 118, 121, 122, 161, 205, 228, 277, 279, 370, 372, 439, 442, 458, 465, 469",2022-01-01,92.13
"39, 103, 107, 112, 114, 116, 118, 121, 122, 161, 205, 228, 277, 279, 370, 372, 439, 442, 458, 465, 469",2022-02-01,93.7
"39, 103, 107, 112, 114, 116, 118, 121, 122, 161, 205, 228, 277, 279, 370, 372, 439, 442, 458, 465, 469",2022-03-01,98.82
"39, 103, 107, 112, 114, 116, 118, 121, 122, 161, 205, 228, 277, 279, 370, 372, 439, 442, 458, 465, 469",2022-04-01,1.97
"39, 103, 107, 112, 114, 116, 118, 121, 122, 161, 205, 228, 277, 279, 370, 372, 439, 442, 458, 465, 469",2022-09-01,0.39
"39, 103, 107, 112, 114, 116, 118, 121, 122, 161, 205, 228, 277, 279, 370, 372, 439, 442, 458, 465, 469",2022-11-01,98.03
"39, 103, 107, 112, 114, 116, 118, 121, 122, 161, 205, 228, 277, 279, 370, 372, 439, 442, 458, 465, 469",2022-12-01,100
"39, 103, 107, 112, 114, 116, 118, 121, 122, 161, 205, 228, 277, 370, 439, 442, 458, 465, 469",2022-01-01,98.03
"39, 103, 107, 112, 114, 116, 118, 121, 122, 161, 205, 228, 277, 370, 439, 442, 458, 465, 469",2022-02-01,94.49
"39, 103, 107, 112, 114, 116, 118, 121, 122, 161, 205, 228, 277, 370, 439, 442, 458, 465, 469",2022-03-01,6.3
"39, 103, 107, 112, 114, 116, 118, 121, 122, 161, 205, 228, 277, 370, 439, 442, 458, 465, 469",2022-12-01,70.47
"39, 103, 107, 116, 118, 121, 130, 161, 205, 228, 243, 277, 279, 324, 423, 458, 469",2022-01-01,93.31
"39, 103, 107, 116, 118, 121, 130, 161, 205, 228, 243, 277, 279, 324, 423, 458, 469",2022-02-01,97.64
"39, 103, 107, 116, 118, 121, 130, 161, 205, 228, 243, 277, 279, 324, 423, 458, 469",2022-03-01,87.01
"39, 103, 107, 116, 118, 121, 130, 161, 205, 228, 243, 277, 279, 324, 423, 458, 469",2022-04-01,93.31
"39, 103, 107, 116, 118, 121, 130, 161, 205, 228, 243, 277, 279, 324, 423, 458, 469",2022-09-01,0.39
"39, 103, 107, 116, 118, 121, 130, 161, 205, 228, 243, 277, 279, 324, 423, 458, 469",2022-11-01,52.36
"39, 103, 107, 116, 118, 121, 130, 161, 205, 228, 243, 277, 279, 324, 423, 458, 469",2022-12-01,100
"39, 107, 112, 114, 116, 118, 121, 122, 205, 370, 439, 442, 465, 469",2022-12-01,50.39
"39, 47, 55, 96, 97, 100, 103, 105, 228, 279, 324, 339, 364, 397, 417, 418, 423, 432, 458, 469, 496, 497",2022-01-01,93.7
"39, 47, 55, 96, 97, 100, 103, 105, 228, 279, 324, 339, 364, 397, 417, 418, 423, 432, 458, 469, 496, 497",2022-02-01,99.21
"39, 47, 55, 96, 97, 100, 103, 105, 228, 279, 324, 339, 364, 397, 417, 418, 423, 432, 458, 469, 496, 497",2022-03-01,88.58
"39, 47, 55, 96, 97, 100, 103, 105, 228, 279, 324, 339, 364, 397, 417, 418, 423, 432, 458, 469, 496, 497",2022-04-01,9.45
"39, 47, 55, 96, 97, 100, 103, 105, 228, 279, 324, 339, 364, 397, 417, 418, 423, 432, 458, 469, 496, 497",2022-09-01,1.18
"39, 47, 55, 96, 97, 100, 103, 105, 228, 279, 324, 339, 364, 397, 417, 418, 423, 432, 458, 469, 496, 497",2022-11-01,99.21
"39, 47, 55, 96, 97, 100, 103, 105, 228, 279, 324, 339, 364, 397, 417, 418, 423, 432, 458, 469, 496, 497",2022-12-01,92.52
"39, 55, 100, 103, 105, 107, 130, 161, 205, 228, 279, 324, 397, 418, 423, 458, 469, 496",2022-01-01,98.43
"39, 55, 100, 103, 105, 107, 130, 161, 205, 228, 279, 324, 397, 418, 423, 458, 469, 496",2022-02-01,100
"39, 55, 100, 103, 105, 107, 130, 161, 205, 228, 279, 324, 397, 418, 423, 458, 469, 496",2022-03-01,100
"39, 55, 100, 103, 105, 107, 130, 161, 205, 228, 279, 324, 397, 418, 423, 458, 469, 496",2022-04-01,98.82
"39, 55, 100, 103, 105, 107, 130, 161, 205, 228, 279, 324, 397, 418, 423, 458, 469, 496",2022-05-01,16.54
"39, 55, 100, 103, 105, 107, 130, 161, 205, 228, 279, 324, 397, 418, 423, 458, 469, 496",2022-06-01,1.18
"39, 55, 100, 103, 105, 107, 130, 161, 205, 228, 279, 324, 397, 418, 423, 458, 469, 496",2022-10-01,3.15
"39, 55, 100, 103, 105, 107, 130, 161, 205, 228, 279, 324, 397, 418, 423, 458, 469, 496",2022-11-01,98.43
"39, 55, 100, 103, 105, 107, 130, 161, 205, 228, 279, 324, 397, 418, 423, 458, 469, 496",2022-12-01,98.43
40,2022-01-01,98.54615384615384
40,2022-02-01,99.33538461538461
40,2022-03-01,99
40,2022-04-01,93.45769230769231
40,2022-05-01,77.323
40,2022-06-01,52.525
40,2022-07-01,24.441666666666666
40,2022-08-01,23.228
40,2022-09-01,12.706363636363635
40,2022-10-01,12.795
40,2022-11-01,98.48538461538462
40,2022-12-01,98.75846153846153
"40, 163",2022-01-01,99.21333333333334
"40, 163",2022-02-01,97.9
"40, 163",2022-03-01,98.29333333333334
"40, 163",2022-04-01,93.83
"40, 163",2022-05-01,99.21
"40, 163",2022-06-01,55.77333333333333
"40, 163",2022-07-01,13.52
"40, 163",2022-08-01,2.165
"40, 163",2022-09-01,17.323333333333334
"40, 163",2022-10-01,1.97
"40, 163",2022-11-01,98.95
"40, 163",2022-12-01,96.19666666666667
"41, 80, 85, 132, 156, 233, 275, 336, 411, 447",2022-01-01,94.09
"41, 80, 85, 132, 156, 233, 275, 336, 411, 447",2022-02-01,96.85
"41, 80, 85, 132, 156, 233, 275, 336, 411, 447",2022-03-01,88.98
"41, 80, 85, 132, 156, 233, 275, 336, 411, 447",2022-04-01,88.58
"41, 80, 85, 132, 156, 233, 275, 336, 411, 447",2022-05-01,20.47
"41, 80, 85, 132, 156, 233, 275, 336, 411, 447",2022-11-01,21.26
"41, 80, 85, 132, 156, 233, 275, 336, 411, 447",2022-12-01,52.36
"41, 80, 85, 132, 156, 233, 275, 336, 447",2022-01-01,7.87
"41, 80, 85, 132, 156, 233, 275, 336, 447",2022-02-01,1.57
"41, 80, 85, 132, 156, 233, 275, 336, 447",2022-04-01,0.39
"41, 80, 85, 156, 162, 233, 275, 299, 336, 378, 411, 495",2022-01-01,96.85
"41, 80, 85, 156, 162, 233, 275, 299, 336, 378, 411, 495",2022-02-01,35.43
"41, 80, 85, 156, 162, 233, 275, 299, 336, 378, 411, 495",2022-03-01,25.59
"41, 80, 85, 156, 162, 233, 275, 299, 336, 378, 411, 495",2022-04-01,4.33
"41, 80, 85, 156, 162, 233, 275, 299, 336, 378, 411, 495",2022-05-01,0.39
"41, 80, 85, 156, 162, 233, 275, 299, 336, 378, 411, 495",2022-11-01,2.76
"41, 80, 85, 156, 162, 233, 275, 299, 336, 378, 411, 495",2022-12-01,94.88
"41, 80, 85, 156, 162, 233, 275, 299, 336, 411, 447, 495",2022-01-01,100
"41, 80, 85, 156, 162, 233, 275, 299, 336, 411, 447, 495",2022-02-01,100
"41, 80, 85, 156, 162, 233, 275, 299, 336, 411, 447, 495",2022-03-01,99.61
"41, 80, 85, 156, 162, 233, 275, 299, 336, 411, 447, 495",2022-04-01,100
"41, 80, 85, 156, 162, 233, 275, 299, 336, 411, 447, 495",2022-05-01,10.24
"41, 80, 85, 156, 162, 233, 275, 299, 336, 411, 447, 495",2022-11-01,32.28
"41, 80, 85, 156, 162, 233, 275, 299, 336, 411, 447, 495",2022-12-01,59.845
"41, 80, 85, 156, 233, 275, 299, 336, 378, 495",2022-01-01,1.97
"41, 80, 85, 156, 233, 275, 299, 336, 378, 495",2022-02-01,3.54
"41, 80, 85, 156, 233, 275, 299, 336, 378, 495",2022-12-01,13.39
"41, 85, 156, 162, 233, 299, 336, 378, 495",2022-01-01,77.955
"41, 85, 156, 162, 233, 299, 336, 378, 495",2022-02-01,24.805
"41, 85, 156, 162, 233, 299, 336, 378, 495",2022-03-01,22.830000000000002
"41, 85, 156, 162, 233, 299, 336, 378, 495",2022-04-01,72.83
"41, 85, 156, 162, 233, 299, 336, 378, 495",2022-05-01,16.54
"41, 85, 156, 162, 233, 299, 336, 378, 495",2022-10-01,6.69
"41, 85, 156, 162, 233, 299, 336, 378, 495",2022-11-01,7.87
"41, 85, 156, 162, 233, 299, 336, 378, 495",2022-12-01,29.919999999999998
"41, 85, 156, 162, 275, 299, 336, 378, 411, 495",2022-01-01,0.39
"41, 85, 156, 162, 275, 299, 336, 378, 411, 495",2022-12-01,3.15
"41, 85, 156, 162, 275, 299, 336, 411, 495",2022-02-01,1.18
"41, 85, 156, 162, 275, 299, 336, 411, 495",2022-04-01,4.72
"41, 85, 156, 162, 275, 299, 336, 411, 495",2022-11-01,1.18
"41, 85, 156, 162, 275, 299, 336, 411, 495",2022-12-01,2.76
"41, 85, 156, 233, 299, 336, 378, 495",2022-01-01,0.39
"41, 85, 156, 233, 299, 336, 378, 495",2022-12-01,5.51
"41, 85, 156, 275, 336, 411",2022-01-01,5.12
"41, 85, 156, 275, 336, 411",2022-10-01,1.57
"41, 85, 156, 275, 336, 411",2022-12-01,20.87
"45, 135, 136, 137, 144, 219, 230, 287, 290, 297, 307, 381, 446, 473, 489, 494",2022-01-01,98.82
"45, 135, 136, 137, 144, 219, 230, 287, 290, 297, 307, 381, 446, 473, 489, 494",2022-02-01,99.61
"45, 135, 136, 137, 144, 219, 230, 287, 290, 297, 307, 381, 446, 473, 489, 494",2022-03-01,88.58
"45, 135, 136, 137, 144, 219, 230, 287, 290, 297, 307, 381, 446, 473, 489, 494",2022-04-01,40.55
"45, 135, 136, 137, 144, 219, 230, 287, 290, 297, 307, 381, 446, 473, 489, 494",2022-11-01,5.91
"45, 135, 136, 137, 144, 219, 230, 287, 290, 297, 307, 381, 446, 473, 489, 494",2022-12-01,96.06
"45, 76, 135, 136, 137, 183, 219, 220, 230, 281, 287, 297, 307, 317, 318, 325, 446, 473, 489, 494",2022-01-01,93.31
"45, 76, 135, 136, 137, 183, 219, 220, 230, 281, 287, 297, 307, 317, 318, 325, 446, 473, 489, 494",2022-02-01,9.45
"45, 76, 135, 136, 137, 183, 219, 220, 230, 281, 287, 297, 307, 317, 318, 325, 446, 473, 489, 494",2022-03-01,1.18
"45, 76, 135, 136, 137, 183, 219, 220, 230, 281, 287, 297, 307, 317, 318, 325, 446, 473, 489, 494",2022-04-01,1.18
"45, 76, 135, 136, 137, 183, 219, 220, 230, 281, 287, 297, 307, 317, 318, 325, 446, 473, 489, 494",2022-11-01,2.36
"45, 76, 135, 136, 137, 183, 219, 220, 230, 281, 287, 297, 307, 317, 318, 325, 446, 473, 489, 494",2022-12-01,100
46,2022-01-01,98.37625
46,2022-02-01,97.711875
46,2022-03-01,63.705
46,2022-04-01,66.02857142857142
46,2022-05-01,53.207142857142856
46,2022-06-01,6.3
46,2022-08-01,0.79
46,2022-09-01,0.39
46,2022-10-01,2.6266666666666665
46,2022-11-01,97.785625
46,2022-12-01,98.474375
"49, 58, 65, 66, 67, 68, 69, 72, 74, 75, 133, 149, 150, 151, 160, 172, 175, 186, 188, 189, 213, 244, 256, 270, 288, 313, 400, 459, 484",2022-01-01,98.82
"49, 58, 65, 66, 67, 68, 69, 72, 74, 75, 133, 149, 150, 151, 160, 172, 175, 186, 188, 189, 213, 244, 256, 270, 288, 313, 400, 459, 484",2022-02-01,98.43
"49, 58, 65, 66, 67, 68, 69, 72, 74, 75, 133, 149, 150, 151, 160, 172, 175, 186, 188, 189, 213, 244, 256, 270, 288, 313, 400, 459, 484",2022-03-01,96.85
"49, 58, 65, 66, 67, 68, 69, 72, 74, 75, 133, 149, 150, 151, 160, 172, 175, 186, 188, 189, 213, 244, 256, 270, 288, 313, 400, 459, 484",2022-04-01,66.93
"49, 58, 65, 66, 67, 68, 69, 72, 74, 75, 133, 149, 150, 151, 160, 172, 175, 186, 188, 189, 213, 244, 256, 270, 288, 313, 400, 459, 484",2022-05-01,15.75
"49, 58, 65, 66, 67, 68, 69, 72, 74, 75, 133, 149, 150, 151, 160, 172, 175, 186, 188, 189, 213, 244, 256, 270, 288, 313, 400, 459, 484",2022-10-01,0.39
"49, 58, 65, 66, 67, 68, 69, 72, 74, 75, 133, 149, 150, 151, 160, 172, 175, 186, 188, 189, 213, 244, 256, 270, 288, 313, 400, 459, 484",2022-11-01,85.83
"49, 58, 65, 66, 67, 68, 69, 72, 74, 75, 133, 149, 150, 151, 160, 172, 175, 186, 188, 189, 213, 244, 256, 270, 288, 313, 400, 459, 484",2022-12-01,98.03
"49, 59, 65, 67, 68, 72, 74, 75, 133, 150, 151, 160, 172, 175, 186, 188, 189, 213, 244, 256, 270, 288, 313, 400, 410, 484",2022-01-01,96.46
"49, 59, 65, 67, 68, 72, 74, 75, 133, 150, 151, 160, 172, 175, 186, 188, 189, 213, 244, 256, 270, 288, 313, 400, 410, 484",2022-02-01,96.46
"49, 59, 65, 67, 68, 72, 74, 75, 133, 150, 151, 160, 172, 175, 186, 188, 189, 213, 244, 256, 270, 288, 313, 400, 410, 484",2022-03-01,98.43
"49, 59, 65, 67, 68, 72, 74, 75, 133, 150, 151, 160, 172, 175, 186, 188, 189, 213, 244, 256, 270, 288, 313, 400, 410, 484",2022-04-01,99.61
"49, 59, 65, 67, 68, 72, 74, 75, 133, 150, 151, 160, 172, 175, 186, 188, 189, 213, 244, 256, 270, 288, 313, 400, 410, 484",2022-05-01,74.41
"49, 59, 65, 67, 68, 72, 74, 75, 133, 150, 151, 160, 172, 175, 186, 188, 189, 213, 244, 256, 270, 288, 313, 400, 410, 484",2022-06-01,31.89
"49, 59, 65, 67, 68, 72, 74, 75, 133, 150, 151, 160, 172, 175, 186, 188, 189, 213, 244, 256, 270, 288, 313, 400, 410, 484",2022-07-01,12.6
"49, 59, 65, 67, 68, 72, 74, 75, 133, 150, 151, 160, 172, 175, 186, 188, 189, 213, 244, 256, 270, 288, 313, 400, 410, 484",2022-08-01,6.69
"49, 59, 65, 67, 68, 72, 74, 75, 133, 150, 151, 160, 172, 175, 186, 188, 189, 213, 244, 256, 270, 288, 313, 400, 410, 484",2022-09-01,7.09
"49, 59, 65, 67, 68, 72, 74, 75, 133, 150, 151, 160, 172, 175, 186, 188, 189, 213, 244, 256, 270, 288, 313, 400, 410, 484",2022-10-01,48.82
"49, 59, 65, 67, 68, 72, 74, 75, 133, 150, 151, 160, 172, 175, 186, 188, 189, 213, 244, 256, 270, 288, 313, 400, 410, 484",2022-11-01,97.64
"49, 59, 65, 67, 68, 72, 74, 75, 133, 150, 151, 160, 172, 175, 186, 188, 189, 213, 244, 256, 270, 288, 313, 400, 410, 484",2022-12-01,98.43
"49, 59, 65, 67, 68, 74, 75, 150, 151, 160, 175, 188, 189, 213, 244, 288, 310, 400, 410, 490",2022-01-01,98.03
"49, 59, 65, 67, 68, 74, 75, 150, 151, 160, 175, 188, 189, 213, 244, 288, 310, 400, 410, 490",2022-02-01,100
"49, 59, 65, 67, 68, 74, 75, 150, 151, 160, 175, 188, 189, 213, 244, 288, 310, 400, 410, 490",2022-03-01,81.1
"49, 59, 65, 67, 68, 74, 75, 150, 151, 160, 175, 188, 189, 213, 244, 288, 310, 400, 410, 490",2022-04-01,83.46
"49, 59, 65, 67, 68, 74, 75, 150, 151, 160, 175, 188, 189, 213, 244, 288, 310, 400, 410, 490",2022-05-01,17.72
"49, 59, 65, 67, 68, 74, 75, 150, 151, 160, 175, 188, 189, 213, 244, 288, 310, 400, 410, 490",2022-10-01,1.18
"49, 59, 65, 67, 68, 74, 75, 150, 151, 160, 175, 188, 189, 213, 244, 288, 310, 400, 410, 490",2022-11-01,95.28
"49, 59, 65, 67, 68, 74, 75, 150, 151, 160, 175, 188, 189, 213, 244, 288, 310, 400, 410, 490",2022-12-01,97.64
"49, 59, 65, 68, 72, 75, 133, 186, 188, 189, 213, 244, 268, 410, 484",2022-01-01,96.46
"49, 59, 65, 68, 72, 75, 133, 186, 188, 189, 213, 244, 268, 410, 484",2022-02-01,98.03
"49, 59, 65, 68, 72, 75, 133, 186, 188, 189, 213, 244, 268, 410, 484",2022-03-01,29.53
"49, 59, 65, 68, 72, 75, 133, 186, 188, 189, 213, 244, 268, 410, 484",2022-04-01,20.87
"49, 59, 65, 68, 72, 75, 133, 186, 188, 189, 213, 244, 268, 410, 484",2022-05-01,1.57
"49, 59, 65, 68, 72, 75, 133, 186, 188, 189, 213, 244, 268, 410, 484",2022-11-01,76.77
"49, 59, 65, 68, 72, 75, 133, 186, 188, 189, 213, 244, 268, 410, 484",2022-12-01,97.24
"49, 59, 65, 68, 75, 188, 189, 213, 244, 310, 410",2022-01-01,77.95
"49, 59, 65, 68, 75, 188, 189, 213, 244, 310, 410",2022-02-01,1.57
"49, 59, 65, 68, 75, 188, 189, 213, 244, 310, 410",2022-12-01,60.24
"49, 60, 65, 67, 68, 69, 74, 75, 149, 150, 151, 160, 175, 213, 288, 310, 379, 400, 459, 490",2022-01-01,97.64
"49, 60, 65, 67, 68, 69, 74, 75, 149, 150, 151, 160, 175, 213, 288, 310, 379, 400, 459, 490",2022-02-01,62.99
"49, 60, 65, 67, 68, 69, 74, 75, 149, 150, 151, 160, 175, 213, 288, 310, 379, 400, 459, 490",2022-03-01,53.94
"49, 60, 65, 67, 68, 69, 74, 75, 149, 150, 151, 160, 175, 213, 288, 310, 379, 400, 459, 490",2022-04-01,39.76
"49, 60, 65, 67, 68, 69, 74, 75, 149, 150, 151, 160, 175, 213, 288, 310, 379, 400, 459, 490",2022-05-01,1.97
"49, 60, 65, 67, 68, 69, 74, 75, 149, 150, 151, 160, 175, 213, 288, 310, 379, 400, 459, 490",2022-11-01,9.06
"49, 60, 65, 67, 68, 69, 74, 75, 149, 150, 151, 160, 175, 213, 288, 310, 379, 400, 459, 490",2022-12-01,97.64
"49, 65, 67, 68, 69, 74, 75, 149, 150, 151, 160, 175, 188, 189, 213, 244, 288, 310, 400, 459, 490",2022-01-01,98.82
"49, 65, 67, 68, 69, 74, 75, 149, 150, 151, 160, 175, 188, 189, 213, 244, 288, 310, 400, 459, 490",2022-02-01,98.43
"49, 65, 67, 68, 69, 74, 75, 149, 150, 151, 160, 175, 188, 189, 213, 244, 288, 310, 400, 459, 490",2022-03-01,100
"49, 65, 67, 68, 69, 74, 75, 149, 150, 151, 160, 175, 188, 189, 213, 244, 288, 310, 400, 459, 490",2022-04-01,96.46
"49, 65, 67, 68, 69, 74, 75, 149, 150, 151, 160, 175, 188, 189, 213, 244, 288, 310, 400, 459, 490",2022-05-01,50.79
"49, 65, 67, 68, 69, 74, 75, 149, 150, 151, 160, 175, 188, 189, 213, 244, 288, 310, 400, 459, 490",2022-06-01,15.35
"49, 65, 67, 68, 69, 74, 75, 149, 150, 151, 160, 175, 188, 189, 213, 244, 288, 310, 400, 459, 490",2022-07-01,3.15
"49, 65, 67, 68, 69, 74, 75, 149, 150, 151, 160, 175, 188, 189, 213, 244, 288, 310, 400, 459, 490",2022-08-01,1.18
"49, 65, 67, 68, 69, 74, 75, 149, 150, 151, 160, 175, 188, 189, 213, 244, 288, 310, 400, 459, 490",2022-09-01,1.57
"49, 65, 67, 68, 69, 74, 75, 149, 150, 151, 160, 175, 188, 189, 213, 244, 288, 310, 400, 459, 490",2022-10-01,20.08
"49, 65, 67, 68, 69, 74, 75, 149, 150, 151, 160, 175, 188, 189, 213, 244, 288, 310, 400, 459, 490",2022-11-01,99.61
"49, 65, 67, 68, 69, 74, 75, 149, 150, 151, 160, 175, 188, 189, 213, 244, 288, 310, 400, 459, 490",2022-12-01,98.43
"49, 65, 68, 142, 151, 171, 175, 188, 189, 213, 224, 310, 400, 410, 490",2022-01-01,23.23
"49, 65, 68, 142, 151, 171, 175, 188, 189, 213, 224, 310, 400, 410, 490",2022-12-01,13.78
"49, 65, 68, 142, 151, 171, 175, 188, 189, 213, 224, 310, 400, 459, 490",2022-01-01,3.54
"49, 65, 68, 142, 151, 171, 175, 188, 189, 213, 224, 310, 400, 459, 490",2022-12-01,1.18
"49, 65, 68, 142, 151, 171, 175, 213, 310, 400, 459, 490",2022-01-01,91.34
"49, 65, 68, 142, 151, 171, 175, 213, 310, 400, 459, 490",2022-02-01,27.17
"49, 65, 68, 142, 151, 171, 175, 213, 310, 400, 459, 490",2022-03-01,33.07
"49, 65, 68, 142, 151, 171, 175, 213, 310, 400, 459, 490",2022-04-01,33.07
"49, 65, 68, 142, 151, 171, 175, 213, 310, 400, 459, 490",2022-12-01,98.03
"49, 65, 68, 142, 171, 188, 189, 213, 224, 310, 410",2022-01-01,95.28
"49, 65, 68, 142, 171, 188, 189, 213, 224, 310, 410",2022-02-01,80.71
"49, 65, 68, 142, 171, 188, 189, 213, 224, 310, 410",2022-03-01,88.19
"49, 65, 68, 142, 171, 188, 189, 213, 224, 310, 410",2022-04-01,27.17
"49, 65, 68, 142, 171, 188, 189, 213, 224, 310, 410",2022-11-01,79.92
"49, 65, 68, 142, 171, 188, 189, 213, 224, 310, 410",2022-12-01,99.21
"49, 68, 142, 171, 175, 189, 213, 224, 310, 459, 490",2022-01-01,92.52
"49, 68, 142, 171, 175, 189, 213, 224, 310, 459, 490",2022-02-01,45.67
"49, 68, 142, 171, 175, 189, 213, 224, 310, 459, 490",2022-03-01,6.3
"49, 68, 142, 171, 175, 189, 213, 224, 310, 459, 490",2022-04-01,1.18
"49, 68, 142, 171, 175, 189, 213, 224, 310, 459, 490",2022-11-01,3.54
"49, 68, 142, 171, 175, 189, 213, 224, 310, 459, 490",2022-12-01,27.56
"49, 68, 142, 171, 175, 189, 213, 224, 310, 490",2022-01-01,61.81
"49, 68, 142, 171, 175, 189, 213, 224, 310, 490",2022-02-01,3.94
"49, 68, 142, 171, 175, 189, 213, 224, 310, 490",2022-03-01,1.57
"49, 68, 142, 171, 175, 189, 213, 224, 310, 490",2022-04-01,0.79
"49, 68, 142, 171, 175, 189, 213, 224, 310, 490",2022-11-01,1.97
"49, 68, 142, 171, 175, 189, 213, 224, 310, 490",2022-12-01,0.79
"49, 68, 142, 171, 175, 213, 310, 459, 490",2022-01-01,1.57
"49, 68, 142, 171, 175, 213, 310, 459, 490",2022-02-01,0.79
"49, 68, 142, 171, 175, 213, 310, 459, 490",2022-12-01,1.57
"49, 68, 142, 171, 189, 213, 224, 310",2022-01-01,100
"49, 68, 142, 171, 189, 213, 224, 310",2022-02-01,4.72
"49, 68, 142, 171, 189, 213, 224, 310",2022-03-01,0.79
"49, 68, 142, 171, 189, 213, 224, 310",2022-04-01,0.39
"49, 68, 142, 171, 189, 213, 224, 310",2022-12-01,86.22
"50, 356, 388",2022-02-01,1.57
"50, 356, 388",2022-04-01,4.014
"50, 356, 388",2022-05-01,84.35
"50, 356, 388",2022-06-01,67.32166666666667
"50, 356, 388",2022-07-01,83.79166666666667
"50, 356, 388",2022-08-01,75.91833333333334
"50, 356, 388",2022-09-01,68.76666666666667
"50, 356, 388",2022-10-01,83.2675
"50, 356, 388",2022-11-01,34.745
"50, 356, 388",2022-12-01,2.23
"50, 52, 356, 388",2022-01-01,44.29
"50, 52, 356, 388",2022-02-01,86.22
"50, 52, 356, 388",2022-03-01,42.32
"50, 52, 356, 388",2022-04-01,24.566
"50, 52, 356, 388",2022-05-01,63.544000000000004
"50, 52, 356, 388",2022-06-01,82.61166666666666
"50, 52, 356, 388",2022-07-01,97.96666666666667
"50, 52, 356, 388",2022-08-01,85.03833333333333
"50, 52, 356, 388",2022-09-01,76.44333333333333
"50, 52, 356, 388",2022-10-01,68.662
"50, 52, 356, 388",2022-11-01,45.7675
"50, 52, 356, 388",2022-12-01,32.806666666666665
52,2022-02-01,1.38
52,2022-03-01,0.79
52,2022-04-01,10.038333333333334
52,2022-05-01,48.898
52,2022-06-01,78.424
52,2022-07-01,78.62714285714286
52,2022-08-01,74.52
52,2022-09-01,77.62666666666667
52,2022-10-01,59.515
52,2022-11-01,30.709999999999997
52,2022-12-01,6.1000000000000005
53,2022-01-01,30.31
53,2022-02-01,26.77
53,2022-03-01,9.8425
53,2022-04-01,0.885
53,2022-05-01,32.401
53,2022-06-01,69.0409090909091
53,2022-07-01,87.515
53,2022-08-01,84.89785714285715
53,2022-09-01,54.961
53,2022-10-01,21.34888888888889
53,2022-11-01,18.19
53,2022-12-01,8.398333333333333
54,2022-01-01,99.213
54,2022-02-01,98.544
54,2022-03-01,95.945
54,2022-04-01,81.01333333333334
54,2022-05-01,55.865
54,2022-06-01,47.025555555555556
54,2022-07-01,40.05875
54,2022-08-01,47.402
54,2022-09-01,39.918
54,2022-10-01,38.975
54,2022-11-01,94.369
54,2022-12-01,98.307
"54, 327",2022-01-01,96.32666666666667
"54, 327",2022-02-01,82.15333333333334
"54, 327",2022-03-01,66.47
"54, 327",2022-04-01,83.78
"54, 327",2022-05-01,87.795
"54, 327",2022-06-01,43.386
"54, 327",2022-07-01,29.035
"54, 327",2022-08-01,20.996666666666666
"54, 327",2022-09-01,20.080000000000002
"54, 327",2022-10-01,15.09
"54, 327",2022-11-01,69.55333333333333
"54, 327",2022-12-01,96.32666666666667
56,2022-01-01,100
56,2022-02-01,97.68625
56,2022-03-01,95.91625
56,2022-04-01,86.3675
56,2022-05-01,99.66285714285715
56,2022-06-01,74.805
56,2022-07-01,51.77
56,2022-08-01,7.09
56,2022-11-01,52.1175
56,2022-12-01,98.91875
"59, 164, 173, 214, 244, 268, 484",2022-01-01,100
"59, 164, 173, 214, 244, 268, 484",2022-02-01,100
"59, 164, 173, 214, 244, 268, 484",2022-03-01,75.59
"59, 164, 173, 214, 244, 268, 484",2022-04-01,91.73
"59, 164, 173, 214, 244, 268, 484",2022-05-01,5.12
"59, 164, 173, 214, 244, 268, 484",2022-11-01,96.46
"59, 164, 173, 214, 244, 268, 484",2022-12-01,100
"59, 164, 173, 214, 268",2022-01-01,23.23
"59, 164, 173, 214, 268",2022-02-01,27.17
"59, 164, 173, 214, 268",2022-03-01,31.1
"59, 164, 173, 214, 268",2022-04-01,16.93
"59, 164, 173, 214, 268",2022-11-01,0.79
"59, 164, 173, 214, 268",2022-12-01,86.61
"59, 164, 188, 214, 244, 268, 410, 484",2022-01-01,84.25
"59, 164, 188, 214, 244, 268, 410, 484",2022-02-01,70.08
"59, 164, 188, 214, 244, 268, 410, 484",2022-03-01,6.69
"59, 164, 188, 214, 244, 268, 410, 484",2022-04-01,0.79
"59, 164, 188, 214, 244, 268, 410, 484",2022-12-01,87.8
"59, 164, 214, 268, 410",2022-01-01,52.76
"59, 164, 214, 268, 410",2022-02-01,70.87
"59, 164, 214, 268, 410",2022-03-01,3.54
"59, 164, 214, 268, 410",2022-04-01,3.15
"59, 164, 214, 268, 410",2022-12-01,96.85
"59, 188, 189, 244, 268, 410, 484",2022-01-01,37.01
"59, 188, 189, 244, 268, 410, 484",2022-02-01,4.72
"59, 188, 189, 244, 268, 410, 484",2022-11-01,2.76
"59, 188, 189, 244, 268, 410, 484",2022-12-01,38.19
"59, 188, 189, 244, 410",2022-01-01,43.31
"59, 188, 189, 244, 410",2022-02-01,5.51
"59, 188, 189, 244, 410",2022-12-01,100
"59, 268, 410",2022-01-01,1.18
"59, 268, 410",2022-11-01,0.39
"59, 268, 410",2022-12-01,1.57
"60, 170, 226, 334, 357, 379, 389",2022-01-01,1.97
"60, 67, 69, 74, 149, 150, 151, 160, 170, 175, 226, 288, 379, 400, 459, 490",2022-01-01,95.28
"60, 67, 69, 74, 149, 150, 151, 160, 170, 175, 226, 288, 379, 400, 459, 490",2022-02-01,14.96
"60, 67, 69, 74, 149, 150, 151, 160, 170, 175, 226, 288, 379, 400, 459, 490",2022-03-01,8.27
"60, 67, 69, 74, 149, 150, 151, 160, 170, 175, 226, 288, 379, 400, 459, 490",2022-04-01,2.36
"60, 69, 149, 170, 226, 334, 357, 379, 389, 459",2022-01-01,51.18
"60, 69, 149, 170, 226, 334, 357, 379, 389, 459",2022-02-01,0.79
"60, 69, 149, 170, 226, 334, 357, 379, 389, 459",2022-03-01,0.79
"60, 69, 149, 170, 226, 334, 357, 379, 389, 459",2022-04-01,0.79
"60, 69, 149, 170, 226, 334, 357, 379, 389, 459",2022-08-01,0.39
"60, 69, 149, 170, 226, 334, 357, 379, 389, 459",2022-11-01,4.72
"63, 64, 131, 187, 190, 241, 266, 289, 311, 386, 393",2022-01-01,97.245
"63, 64, 131, 187, 190, 241, 266, 289, 311, 386, 393",2022-02-01,81.495
"63, 64, 131, 187, 190, 241, 266, 289, 311, 386, 393",2022-03-01,83.86
"63, 64, 131, 187, 190, 241, 266, 289, 311, 386, 393",2022-04-01,76.18
"63, 64, 131, 187, 190, 241, 266, 289, 311, 386, 393",2022-05-01,28.740000000000002
"63, 64, 131, 187, 190, 241, 266, 289, 311, 386, 393",2022-06-01,1.1800000000000002
"63, 64, 131, 187, 190, 241, 266, 289, 311, 386, 393",2022-10-01,3.54
"63, 64, 131, 187, 190, 241, 266, 289, 311, 386, 393",2022-11-01,31.89
"63, 64, 131, 187, 190, 241, 266, 289, 311, 386, 393",2022-12-01,93.7
"63, 64, 131, 187, 190, 266, 311, 338, 393",2022-01-01,96.455
"63, 64, 131, 187, 190, 266, 311, 338, 393",2022-02-01,96.655
"63, 64, 131, 187, 190, 266, 311, 338, 393",2022-03-01,99.41
"63, 64, 131, 187, 190, 266, 311, 338, 393",2022-04-01,83.07
"63, 64, 131, 187, 190, 266, 311, 338, 393",2022-05-01,27.755000000000003
"63, 64, 131, 187, 190, 266, 311, 338, 393",2022-06-01,0.7849999999999999
"63, 64, 131, 187, 190, 266, 311, 338, 393",2022-09-01,0.79
"63, 64, 131, 187, 190, 266, 311, 338, 393",2022-10-01,3.94
"63, 64, 131, 187, 190, 266, 311, 338, 393",2022-11-01,28.345
"63, 64, 131, 187, 190, 266, 311, 338, 393",2022-12-01,95.275
"63, 64, 131, 311, 338, 393",2022-01-01,90.555
"63, 64, 131, 311, 338, 393",2022-02-01,76.38
"63, 64, 131, 311, 338, 393",2022-03-01,96.25999999999999
"63, 64, 131, 311, 338, 393",2022-04-01,50.59
"63, 64, 131, 311, 338, 393",2022-05-01,11.024999999999999
"63, 64, 131, 311, 338, 393",2022-10-01,0.39
"63, 64, 131, 311, 338, 393",2022-11-01,8.265
"63, 64, 131, 311, 338, 393",2022-12-01,92.32
"63, 64, 131, 338, 393",2022-01-01,44.685
"63, 64, 131, 338, 393",2022-02-01,80.71
"63, 64, 131, 338, 393",2022-03-01,15.35
"63, 64, 131, 338, 393",2022-04-01,31.295
"63, 64, 131, 338, 393",2022-05-01,2.36
"63, 64, 131, 338, 393",2022-11-01,7.48
"63, 64, 131, 338, 393",2022-12-01,55.515
"64, 131, 187, 241, 266, 289, 386",2022-02-01,0.39
"64, 131, 187, 241, 266, 289, 386",2022-12-01,1.57
"64, 131, 187, 266, 338",2022-12-01,14.57
"64, 131, 338",2022-01-01,4.92
"64, 131, 338",2022-12-01,26.18
71,2022-01-01,7.48
71,2022-02-01,0.79
71,2022-12-01,1.8675
"71, 164, 173, 214, 268",2022-01-01,8.66
"71, 164, 173, 214, 268",2022-02-01,0.39
"71, 164, 214, 268",2022-01-01,0.79
"71, 164, 214, 268",2022-02-01,6.3
"71, 164, 214, 268",2022-03-01,1.18
"71, 164, 214, 268",2022-12-01,98.03
"71, 214",2022-01-01,3.15
"71, 214",2022-12-01,9.84
"71, 268",2022-01-01,9.84
"71, 268",2022-12-01,22.83
"76, 128, 138, 183, 247, 280, 281, 283, 317, 318, 325, 332, 377, 398, 451",2022-01-01,100
"76, 128, 138, 183, 247, 280, 281, 283, 317, 318, 325, 332, 377, 398, 451",2022-02-01,100
"76, 128, 138, 183, 247, 280, 281, 283, 317, 318, 325, 332, 377, 398, 451",2022-03-01,100
"76, 128, 138, 183, 247, 280, 281, 283, 317, 318, 325, 332, 377, 398, 451",2022-04-01,100
"76, 128, 138, 183, 247, 280, 281, 283, 317, 318, 325, 332, 377, 398, 451",2022-05-01,79.92
"76, 128, 138, 183, 247, 280, 281, 283, 317, 318, 325, 332, 377, 398, 451",2022-06-01,32.28
"76, 128, 138, 183, 247, 280, 281, 283, 317, 318, 325, 332, 377, 398, 451",2022-07-01,8.66
"76, 128, 138, 183, 247, 280, 281, 283, 317, 318, 325, 332, 377, 398, 451",2022-08-01,4.33
"76, 128, 138, 183, 247, 280, 281, 283, 317, 318, 325, 332, 377, 398, 451",2022-09-01,7.09
"76, 128, 138, 183, 247, 280, 281, 283, 317, 318, 325, 332, 377, 398, 451",2022-10-01,24.8
"76, 128, 138, 183, 247, 280, 281, 283, 317, 318, 325, 332, 377, 398, 451",2022-11-01,100
"76, 128, 138, 183, 247, 280, 281, 283, 317, 318, 325, 332, 377, 398, 451",2022-12-01,100
"76, 128, 183, 281, 325, 328, 451",2022-01-01,0.39
"76, 128, 183, 281, 325, 328, 451",2022-02-01,0.39
"76, 128, 183, 281, 325, 328, 451",2022-12-01,16.54
"76, 135, 136, 183, 219, 220, 307, 317, 318, 325, 489",2022-01-01,55.12
"76, 135, 136, 183, 219, 220, 307, 317, 318, 325, 489",2022-02-01,1.18
"76, 135, 136, 183, 219, 220, 307, 317, 318, 325, 489",2022-11-01,0.39
"76, 135, 136, 183, 219, 220, 307, 317, 318, 325, 489",2022-12-01,33.07
"76, 137, 183, 219, 220, 230, 281, 283, 287, 297, 307, 317, 318, 325, 377, 446, 451, 473, 494",2022-01-01,96.85
"76, 137, 183, 219, 220, 230, 281, 283, 287, 297, 307, 317, 318, 325, 377, 446, 451, 473, 494",2022-02-01,95.67
"76, 137, 183, 219, 220, 230, 281, 283, 287, 297, 307, 317, 318, 325, 377, 446, 451, 473, 494",2022-04-01,0.39
"76, 137, 183, 219, 220, 230, 281, 283, 287, 297, 307, 317, 318, 325, 377, 446, 451, 473, 494",2022-06-01,1.18
"76, 137, 183, 219, 220, 230, 281, 283, 287, 297, 307, 317, 318, 325, 377, 446, 451, 473, 494",2022-08-01,0.39
"76, 137, 183, 219, 220, 230, 281, 283, 287, 297, 307, 317, 318, 325, 377, 446, 451, 473, 494",2022-11-01,38.98
"76, 137, 183, 219, 220, 230, 281, 283, 287, 297, 307, 317, 318, 325, 377, 446, 451, 473, 494",2022-12-01,94.09
"76, 138, 183, 220, 247, 280, 281, 283, 317, 318, 325, 332, 337, 350, 377, 396, 398, 451, 452",2022-01-01,96.46
"76, 138, 183, 220, 247, 280, 281, 283, 317, 318, 325, 332, 337, 350, 377, 396, 398, 451, 452",2022-02-01,100
"76, 138, 183, 220, 247, 280, 281, 283, 317, 318, 325, 332, 337, 350, 377, 396, 398, 451, 452",2022-03-01,99.61
"76, 138, 183, 220, 247, 280, 281, 283, 317, 318, 325, 332, 337, 350, 377, 396, 398, 451, 452",2022-04-01,96.46
"76, 138, 183, 220, 247, 280, 281, 283, 317, 318, 325, 332, 337, 350, 377, 396, 398, 451, 452",2022-05-01,79.13
"76, 138, 183, 220, 247, 280, 281, 283, 317, 318, 325, 332, 337, 350, 377, 396, 398, 451, 452",2022-06-01,33.86
"76, 138, 183, 220, 247, 280, 281, 283, 317, 318, 325, 332, 337, 350, 377, 396, 398, 451, 452",2022-07-01,9.45
"76, 138, 183, 220, 247, 280, 281, 283, 317, 318, 325, 332, 337, 350, 377, 396, 398, 451, 452",2022-08-01,5.91
"76, 138, 183, 220, 247, 280, 281, 283, 317, 318, 325, 332, 337, 350, 377, 396, 398, 451, 452",2022-09-01,45.67
"76, 138, 183, 220, 247, 280, 281, 283, 317, 318, 325, 332, 337, 350, 377, 396, 398, 451, 452",2022-10-01,2.76
"76, 138, 183, 220, 247, 280, 281, 283, 317, 318, 325, 332, 337, 350, 377, 396, 398, 451, 452",2022-11-01,95.28
"76, 138, 183, 220, 247, 280, 281, 283, 317, 318, 325, 332, 337, 350, 377, 396, 398, 451, 452",2022-12-01,100
"76, 138, 183, 220, 247, 280, 283, 317, 318, 325, 332, 337, 350, 377, 396, 398, 451, 452",2022-01-01,94.49
"76, 138, 183, 220, 247, 280, 283, 317, 318, 325, 332, 337, 350, 377, 396, 398, 451, 452",2022-02-01,91.34
"76, 138, 183, 220, 247, 280, 283, 317, 318, 325, 332, 337, 350, 377, 396, 398, 451, 452",2022-03-01,50.79
"76, 138, 183, 220, 247, 280, 283, 317, 318, 325, 332, 337, 350, 377, 396, 398, 451, 452",2022-04-01,19.69
"76, 138, 183, 220, 247, 280, 283, 317, 318, 325, 332, 337, 350, 377, 396, 398, 451, 452",2022-05-01,1.97
"76, 138, 183, 220, 247, 280, 283, 317, 318, 325, 332, 337, 350, 377, 396, 398, 451, 452",2022-09-01,2.76
"76, 138, 183, 220, 247, 280, 283, 317, 318, 325, 332, 337, 350, 377, 396, 398, 451, 452",2022-11-01,11.81
"76, 138, 183, 220, 247, 280, 283, 317, 318, 325, 332, 337, 350, 377, 396, 398, 451, 452",2022-12-01,83.46
"76, 138, 183, 220, 247, 281, 283, 287, 307, 317, 318, 325, 350, 377, 398, 446, 451, 452, 473, 494",2022-01-01,96.06
"76, 138, 183, 220, 247, 281, 283, 287, 307, 317, 318, 325, 350, 377, 398, 446, 451, 452, 473, 494",2022-02-01,91.34
"76, 138, 183, 220, 247, 281, 283, 287, 307, 317, 318, 325, 350, 377, 398, 446, 451, 452, 473, 494",2022-03-01,99.61
"76, 138, 183, 220, 247, 281, 283, 287, 307, 317, 318, 325, 350, 377, 398, 446, 451, 452, 473, 494",2022-04-01,100
"76, 138, 183, 220, 247, 281, 283, 287, 307, 317, 318, 325, 350, 377, 398, 446, 451, 452, 473, 494",2022-05-01,21.65
"76, 138, 183, 220, 247, 281, 283, 287, 307, 317, 318, 325, 350, 377, 398, 446, 451, 452, 473, 494",2022-06-01,5.12
"76, 138, 183, 220, 247, 281, 283, 287, 307, 317, 318, 325, 350, 377, 398, 446, 451, 452, 473, 494",2022-07-01,2.76
"76, 138, 183, 220, 247, 281, 283, 287, 307, 317, 318, 325, 350, 377, 398, 446, 451, 452, 473, 494",2022-08-01,1.97
"76, 138, 183, 220, 247, 281, 283, 287, 307, 317, 318, 325, 350, 377, 398, 446, 451, 452, 473, 494",2022-09-01,1.97
"76, 138, 183, 220, 247, 281, 283, 287, 307, 317, 318, 325, 350, 377, 398, 446, 451, 452, 473, 494",2022-10-01,1.18
"76, 138, 183, 220, 247, 281, 283, 287, 307, 317, 318, 325, 350, 377, 398, 446, 451, 452, 473, 494",2022-11-01,95.67
"76, 138, 183, 220, 247, 281, 283, 287, 307, 317, 318, 325, 350, 377, 398, 446, 451, 452, 473, 494",2022-12-01,99.21
"76, 138, 183, 220, 247, 283, 307, 317, 318, 325, 350, 377, 398, 451, 452",2022-01-01,95.67
"76, 138, 183, 220, 247, 283, 307, 317, 318, 325, 350, 377, 398, 451, 452",2022-02-01,95.28
"76, 138, 183, 220, 247, 283, 307, 317, 318, 325, 350, 377, 398, 451, 452",2022-03-01,77.95
"76, 138, 183, 220, 247, 283, 307, 317, 318, 325, 350, 377, 398, 451, 452",2022-04-01,45.67
"76, 138, 183, 220, 247, 283, 307, 317, 318, 325, 350, 377, 398, 451, 452",2022-11-01,48.43
"76, 138, 183, 220, 247, 283, 307, 317, 318, 325, 350, 377, 398, 451, 452",2022-12-01,98.03
"76, 183, 219, 220, 283, 307, 317, 318, 325, 377, 451",2022-01-01,84.65
"76, 183, 219, 220, 283, 307, 317, 318, 325, 377, 451",2022-02-01,97.24
"76, 183, 219, 220, 283, 307, 317, 318, 325, 377, 451",2022-03-01,0.79
"76, 183, 219, 220, 283, 307, 317, 318, 325, 377, 451",2022-11-01,0.39
"76, 183, 219, 220, 283, 307, 317, 318, 325, 377, 451",2022-12-01,98.82
77,2022-01-01,2.98
77,2022-04-01,9.84
77,2022-05-01,0.79
77,2022-11-01,8.27
77,2022-12-01,7.77625
79,2022-01-01,97.88818181818182
79,2022-02-01,98.60454545454546
79,2022-03-01,91.34
79,2022-04-01,55.631
79,2022-05-01,44.13777777777778
79,2022-06-01,25.59
79,2022-07-01,3.54
79,2022-09-01,0.39
79,2022-10-01,25.027142857142856
79,2022-11-01,58.702
79,2022-12-01,60.665454545454544
"79, 206",2022-01-01,100
"79, 206",2022-02-01,100
"79, 206",2022-03-01,37.4
"79, 206",2022-11-01,36.61
"79, 206",2022-12-01,74.8
"79, 91",2022-01-01,100
"79, 91",2022-02-01,100
"79, 91",2022-03-01,100
"79, 91",2022-04-01,100
"79, 91",2022-05-01,8.27
"79, 91",2022-06-01,0.39
"79, 91",2022-07-01,0.79
"79, 91",2022-10-01,42.91
"79, 91",2022-11-01,100
"79, 91",2022-12-01,100
"79, 91, 94",2022-01-01,97.90333333333334
"79, 91, 94",2022-02-01,98.68666666666667
"79, 91, 94",2022-03-01,99.08
"79, 91, 94",2022-04-01,99.08
"79, 91, 94",2022-05-01,64.17333333333333
"79, 91, 94",2022-06-01,6.694999999999999
"79, 91, 94",2022-10-01,41.21
"79, 91, 94",2022-11-01,98.29666666666667
"79, 91, 94",2022-12-01,99.47666666666666
"80, 132, 275, 411, 447",2022-01-01,81.5
"80, 132, 275, 411, 447",2022-02-01,61.02
"80, 132, 275, 411, 447",2022-03-01,65.35
"80, 132, 275, 411, 447",2022-04-01,28.74
"80, 132, 275, 411, 447",2022-05-01,10.24
"80, 132, 275, 411, 447",2022-10-01,0.79
"80, 132, 275, 411, 447",2022-11-01,18.5
"80, 132, 275, 411, 447",2022-12-01,34.25
"80, 132, 275, 447",2022-01-01,64.17
"80, 132, 275, 447",2022-02-01,28.35
"80, 132, 275, 447",2022-03-01,11.42
"80, 132, 275, 447",2022-04-01,9.84
"80, 132, 275, 447",2022-12-01,0.39
"80, 132, 447",2022-12-01,3.15
"80, 233",2022-12-01,8.27
"80, 233, 447",2022-12-01,3.54
81,2022-01-01,99.8275
81,2022-02-01,100
81,2022-03-01,100
81,2022-04-01,100
81,2022-05-01,37.42733333333333
81,2022-06-01,1.375
81,2022-08-01,0.39
81,2022-10-01,54.88916666666667
81,2022-11-01,96.7025
82,2022-01-01,100
82,2022-02-01,100
82,2022-03-01,100
82,2022-04-01,100
82,2022-05-01,31.0525
82,2022-10-01,45.943
82,2022-11-01,100
"82, 304",2022-01-01,100
"82, 304",2022-02-01,100
"82, 304",2022-03-01,100
"82, 304",2022-04-01,100
"82, 304",2022-05-01,39.04333333333334
"82, 304",2022-10-01,45.60333333333333
"82, 304",2022-11-01,99.27833333333334
83,2022-01-01,100
83,2022-02-01,100
83,2022-03-01,100
83,2022-04-01,39.76
83,2022-12-01,100
"83, 347",2022-01-01,99.90125
"83, 347",2022-02-01,99.60571428571428
"83, 347",2022-03-01,99.95125
"83, 347",2022-04-01,88.30142857142857
"83, 347",2022-05-01,25.195
"83, 347",2022-10-01,4.72
"83, 347",2022-11-01,1.97
"83, 347",2022-12-01,100
"84, 109, 180, 184, 222, 255, 333, 363, 375, 401, 426, 438, 460, 487",2022-01-01,90.16
"84, 109, 180, 184, 222, 255, 333, 363, 375, 401, 426, 438, 460, 487",2022-02-01,93.31
"84, 109, 180, 184, 222, 255, 333, 363, 375, 401, 426, 438, 460, 487",2022-03-01,13.39
"84, 109, 180, 184, 222, 255, 333, 363, 375, 401, 426, 438, 460, 487",2022-04-01,4.33
"84, 109, 180, 184, 222, 255, 333, 363, 375, 401, 426, 438, 460, 487",2022-12-01,98.82
"84, 109, 180, 184, 222, 255, 333, 401, 403, 426, 487",2022-01-01,94.09
"84, 109, 180, 184, 222, 255, 333, 401, 403, 426, 487",2022-02-01,96.06
"84, 109, 180, 184, 222, 255, 333, 401, 403, 426, 487",2022-03-01,16.14
"84, 109, 180, 184, 222, 255, 333, 401, 403, 426, 487",2022-04-01,4.72
"84, 109, 180, 184, 222, 255, 333, 401, 403, 426, 487",2022-11-01,45.67
"84, 109, 180, 184, 222, 255, 333, 401, 403, 426, 487",2022-12-01,99.21
"84, 180, 184, 375, 401, 438, 460, 487",2022-01-01,91.34
"84, 180, 184, 375, 401, 438, 460, 487",2022-02-01,88.19
"84, 180, 184, 375, 401, 438, 460, 487",2022-03-01,48.43
"84, 180, 184, 375, 401, 438, 460, 487",2022-04-01,61.42
"84, 180, 184, 375, 401, 438, 460, 487",2022-12-01,96.85
"84, 180, 184, 401, 487",2022-01-01,88.19
"84, 180, 184, 401, 487",2022-02-01,0.79
"84, 180, 184, 401, 487",2022-04-01,0.79
"84, 180, 184, 401, 487",2022-10-01,0.39
"84, 180, 184, 401, 487",2022-12-01,57.48
"84, 180, 401, 438, 487",2022-01-01,6.69
"84, 180, 401, 438, 487",2022-02-01,11.81
"84, 180, 401, 438, 487",2022-11-01,0.39
"84, 180, 401, 438, 487",2022-12-01,37.01
"84, 180, 401, 487",2022-01-01,0.79
"84, 180, 401, 487",2022-11-01,0.39
"84, 180, 401, 487",2022-12-01,8.66
"84, 184, 255, 333, 363, 375, 401, 426, 438, 441, 460, 487",2022-01-01,93.31
"84, 184, 255, 333, 363, 375, 401, 426, 438, 441, 460, 487",2022-02-01,86.61
"84, 184, 255, 333, 363, 375, 401, 426, 438, 441, 460, 487",2022-03-01,8.66
"84, 184, 255, 333, 363, 375, 401, 426, 438, 441, 460, 487",2022-04-01,0.39
"84, 184, 255, 333, 363, 375, 401, 426, 438, 441, 460, 487",2022-12-01,92.52
"84, 184, 333, 363, 375, 424, 426, 441, 444, 460",2022-01-01,98.82
"84, 184, 333, 363, 375, 424, 426, 441, 444, 460",2022-02-01,57.87
"84, 184, 333, 363, 375, 424, 426, 441, 444, 460",2022-03-01,2.76
"84, 184, 333, 363, 375, 424, 426, 441, 444, 460",2022-11-01,0.79
"84, 184, 333, 363, 375, 424, 426, 441, 444, 460",2022-12-01,55.51
"84, 184, 333, 363, 375, 426, 438, 441, 460",2022-01-01,97.64
"84, 184, 333, 363, 375, 426, 438, 441, 460",2022-02-01,91.34
"84, 184, 333, 363, 375, 426, 438, 441, 460",2022-03-01,0.79
"84, 184, 333, 363, 375, 426, 438, 441, 460",2022-10-01,0.39
"84, 184, 333, 363, 375, 426, 438, 441, 460",2022-12-01,95.28
"84, 184, 375, 401, 438, 460, 487",2022-01-01,96.06
"84, 184, 375, 401, 438, 460, 487",2022-02-01,95.67
"84, 184, 375, 401, 438, 460, 487",2022-03-01,88.19
"84, 184, 375, 401, 438, 460, 487",2022-04-01,90.94
"84, 184, 375, 401, 438, 460, 487",2022-10-01,1.97
"84, 184, 375, 401, 438, 460, 487",2022-12-01,96.06
"84, 184, 375, 438, 460",2022-01-01,24.8
"84, 184, 375, 438, 460",2022-12-01,10.24
"84, 401, 438, 487",2022-02-01,9.84
"84, 401, 438, 487",2022-12-01,51.18
"84, 438",2022-01-01,87.4
"84, 438",2022-02-01,82.28
"84, 438",2022-03-01,2.36
"84, 438",2022-04-01,1.57
"84, 438",2022-09-01,12.2
"84, 438",2022-12-01,21.65
"84, 99, 106, 117, 184, 255, 333, 363, 375, 401, 424, 426, 441, 444, 460",2022-01-01,97.24
"84, 99, 106, 117, 184, 255, 333, 363, 375, 401, 424, 426, 441, 444, 460",2022-02-01,98.43
"84, 99, 106, 117, 184, 255, 333, 363, 375, 401, 424, 426, 441, 444, 460",2022-03-01,95.67
"84, 99, 106, 117, 184, 255, 333, 363, 375, 401, 424, 426, 441, 444, 460",2022-04-01,93.31
"84, 99, 106, 117, 184, 255, 333, 363, 375, 401, 424, 426, 441, 444, 460",2022-05-01,4.33
"84, 99, 106, 117, 184, 255, 333, 363, 375, 401, 424, 426, 441, 444, 460",2022-11-01,12.2
"84, 99, 106, 117, 184, 255, 333, 363, 375, 401, 424, 426, 441, 444, 460",2022-12-01,98.03
86,2022-01-01,3.7800000000000002
86,2022-02-01,17.42
86,2022-03-01,23.95
86,2022-04-01,24.805
86,2022-05-01,0.39
86,2022-08-01,0.39
86,2022-11-01,0.39
86,2022-12-01,9.056666666666667
"86, 298",2022-01-01,51.9675
"86, 298",2022-02-01,64.488
"86, 298",2022-03-01,68.37333333333333
"86, 298",2022-04-01,50.985
"86, 298",2022-05-01,3.3449999999999998
"86, 298",2022-08-01,0.39
"86, 298",2022-12-01,23.72
"86, 298, 352",2022-01-01,70.73666666666666
"86, 298, 352",2022-02-01,71.65666666666667
"86, 298, 352",2022-03-01,67.58333333333333
"86, 298, 352",2022-04-01,99.215
"86, 298, 352",2022-05-01,55.905
"86, 298, 352",2022-11-01,19.29
"86, 298, 352",2022-12-01,90.75
87,2022-01-01,30.70769230769231
87,2022-02-01,17.71625
87,2022-03-01,2.76
87,2022-04-01,12.004999999999999
87,2022-11-01,3.9349999999999996
87,2022-12-01,70.374375
88,2022-01-01,97.64
88,2022-02-01,98.82
88,2022-03-01,98.82
88,2022-04-01,96.06
88,2022-05-01,63.39
88,2022-06-01,1.18
88,2022-10-01,71.65
88,2022-11-01,94.09
88,2022-12-01,96.85
"88, 155",2022-01-01,99.015
"88, 155",2022-02-01,99.215
"88, 155",2022-03-01,86.615
"88, 155",2022-04-01,89.76
"88, 155",2022-05-01,14.96
"88, 155",2022-07-01,0.39
"88, 155",2022-10-01,35.04
"88, 155",2022-11-01,49.805
"88, 155",2022-12-01,98.425
"88, 91, 94",2022-01-01,97.445
"88, 91, 94",2022-02-01,98.03
"88, 91, 94",2022-03-01,97.44
"88, 91, 94",2022-04-01,98.23
"88, 91, 94",2022-05-01,45.275
"88, 91, 94",2022-06-01,2.5549999999999997
"88, 91, 94",2022-08-01,0.39
"88, 91, 94",2022-10-01,75.195
"88, 91, 94",2022-11-01,94.28999999999999
"88, 91, 94",2022-12-01,99.015
"88, 91, 94, 155",2022-01-01,99.115
"88, 91, 94, 155",2022-02-01,99.6075
"88, 91, 94, 155",2022-03-01,88.2875
"88, 91, 94, 155",2022-04-01,61.28333333333333
"88, 91, 94, 155",2022-05-01,0.5900000000000001
"88, 91, 94, 155",2022-10-01,31.3975
"88, 91, 94, 155",2022-11-01,39.3675
"88, 91, 94, 155",2022-12-01,99.2125
"88, 94",2022-01-01,99.21
"88, 94",2022-02-01,100
"88, 94",2022-03-01,98.82
"88, 94",2022-04-01,37.01
"88, 94",2022-11-01,24.02
"88, 94",2022-12-01,97.24
89,2022-01-01,99.291
89,2022-02-01,99.331
89,2022-03-01,99.292
89,2022-04-01,65.08
89,2022-05-01,50.885
89,2022-10-01,46.98
89,2022-11-01,98.15
89,2022-12-01,99.724
"89, 278",2022-01-01,97.9325
"89, 278",2022-02-01,100
"89, 278",2022-03-01,99.015
"89, 278",2022-04-01,98.82
"89, 278",2022-05-01,87.205
"89, 278",2022-06-01,0.39
"89, 278",2022-10-01,81.79
"89, 278",2022-11-01,98.6225
"89, 278",2022-12-01,99.705
90,2022-01-01,67.01
90,2022-02-01,70.1775
90,2022-03-01,62.5
90,2022-04-01,35.335
90,2022-05-01,28.15
90,2022-06-01,0.79
90,2022-11-01,59.684000000000005
90,2022-12-01,51.46285714285714
"91, 94, 295",2022-01-01,100
"91, 94, 295",2022-02-01,100
"91, 94, 295",2022-03-01,84.91
"91, 94, 295",2022-04-01,51.18
"91, 94, 295",2022-05-01,13.39
"91, 94, 295",2022-10-01,12.726666666666667
"91, 94, 295",2022-11-01,38.846666666666664
"91, 94, 295",2022-12-01,100
"92, 126, 130, 161, 167, 240, 243, 277, 308, 372",2022-01-01,98.43
"92, 126, 130, 161, 167, 240, 243, 277, 308, 372",2022-02-01,100
"92, 126, 130, 161, 167, 240, 243, 277, 308, 372",2022-03-01,95.28
"92, 126, 130, 161, 167, 240, 243, 277, 308, 372",2022-04-01,57.48
"92, 126, 130, 161, 167, 240, 243, 277, 308, 372",2022-05-01,9.84
"92, 126, 130, 161, 167, 240, 243, 277, 308, 372",2022-10-01,2.76
"92, 126, 130, 161, 167, 240, 243, 277, 308, 372",2022-11-01,94.49
"92, 126, 130, 161, 167, 240, 243, 277, 308, 372",2022-12-01,97.24
"92, 126, 240, 243, 277, 308, 372, 395, 403",2022-01-01,94.09
"92, 126, 240, 243, 277, 308, 372, 395, 403",2022-02-01,97.64
"92, 126, 240, 243, 277, 308, 372, 395, 403",2022-03-01,71.26
"92, 126, 240, 243, 277, 308, 372, 395, 403",2022-04-01,42.13
"92, 126, 240, 243, 277, 308, 372, 395, 403",2022-05-01,5.12
"92, 126, 240, 243, 277, 308, 372, 395, 403",2022-11-01,88.19
"92, 126, 240, 243, 277, 308, 372, 395, 403",2022-12-01,99.21
93,2022-01-01,91.05714285714285
93,2022-02-01,73.17142857142858
93,2022-03-01,84.185
93,2022-04-01,60.472
93,2022-05-01,4.2299999999999995
93,2022-06-01,0.39
93,2022-10-01,1.77
93,2022-11-01,83.53
93,2022-12-01,99.26857142857143
94,2022-01-01,100
94,2022-02-01,100
94,2022-03-01,100
94,2022-04-01,100
94,2022-05-01,79.92
94,2022-06-01,0.39
94,2022-10-01,61.02
94,2022-11-01,99.61
94,2022-12-01,98.43
"97, 104, 111, 120, 147, 339, 364, 417, 422, 440, 443, 470, 492, 497",2022-01-01,90.16
"97, 104, 111, 120, 147, 339, 364, 417, 422, 440, 443, 470, 492, 497",2022-02-01,98.03
"97, 104, 111, 120, 147, 339, 364, 417, 422, 440, 443, 470, 492, 497",2022-12-01,39.76
"97, 105, 147, 339, 364, 417, 418, 422, 492, 496, 497",2022-01-01,90.16
"97, 105, 147, 339, 364, 417, 418, 422, 492, 496, 497",2022-02-01,62.99
"97, 105, 147, 339, 364, 417, 418, 422, 492, 496, 497",2022-11-01,0.79
98,2022-02-01,4.725
"99, 106, 115, 117, 184, 255, 326, 333, 363, 375, 416, 421, 424, 426, 441, 444, 445, 460, 474",2022-01-01,98.82
"99, 106, 115, 117, 184, 255, 326, 333, 363, 375, 416, 421, 424, 426, 441, 444, 445, 460, 474",2022-02-01,99.21
"99, 106, 115, 117, 184, 255, 326, 333, 363, 375, 416, 421, 424, 426, 441, 444, 445, 460, 474",2022-03-01,53.94
"99, 106, 115, 117, 184, 255, 326, 333, 363, 375, 416, 421, 424, 426, 441, 444, 445, 460, 474",2022-04-01,8.27
"99, 106, 115, 117, 184, 255, 326, 333, 363, 375, 416, 421, 424, 426, 441, 444, 445, 460, 474",2022-12-01,99.21
"99, 106, 115, 117, 255, 326, 333, 363, 409, 416, 421, 424, 426, 430, 441, 444, 445, 468, 474",2022-01-01,96.85
"99, 106, 115, 117, 255, 326, 333, 363, 409, 416, 421, 424, 426, 430, 441, 444, 445, 468, 474",2022-02-01,96.85
"99, 106, 115, 117, 255, 326, 333, 363, 409, 416, 421, 424, 426, 430, 441, 444, 445, 468, 474",2022-03-01,97.24
"99, 106, 115, 117, 255, 326, 333, 363, 409, 416, 421, 424, 426, 430, 441, 444, 445, 468, 474",2022-04-01,62.99
"99, 106, 115, 117, 255, 326, 333, 363, 409, 416, 421, 424, 426, 430, 441, 444, 445, 468, 474",2022-05-01,2.36
"99, 106, 115, 117, 255, 326, 333, 363, 409, 416, 421, 424, 426, 430, 441, 444, 445, 468, 474",2022-09-01,9.06
"99, 106, 115, 117, 255, 326, 333, 363, 409, 416, 421, 424, 426, 430, 441, 444, 445, 468, 474",2022-11-01,92.13
"99, 106, 115, 117, 255, 326, 333, 363, 409, 416, 421, 424, 426, 430, 441, 444, 445, 468, 474",2022-12-01,98.82
"99, 106, 115, 117, 326, 409, 416, 421, 424, 430, 444, 445, 468, 474",2022-01-01,98.82
"99, 106, 115, 117, 326, 409, 416, 421, 424, 430, 444, 445, 468, 474",2022-02-01,98.82
"99, 106, 115, 117, 326, 409, 416, 421, 424, 430, 444, 445, 468, 474",2022-03-01,96.85
"99, 106, 115, 117, 326, 409, 416, 421, 424, 430, 444, 445, 468, 474",2022-04-01,96.85
"99, 106, 115, 117, 326, 409, 416, 421, 424, 430, 444, 445, 468, 474",2022-05-01,4.72
"99, 106, 115, 117, 326, 409, 416, 421, 424, 430, 444, 445, 468, 474",2022-06-01,0.79
"99, 106, 115, 117, 326, 409, 416, 421, 424, 430, 444, 445, 468, 474",2022-12-01,97.24
"104, 111, 120, 147, 236, 422, 428, 440, 443, 449, 470, 492",2022-01-01,90.94
"104, 111, 120, 147, 236, 422, 428, 440, 443, 449, 470, 492",2022-02-01,1.18
"104, 111, 120, 147, 236, 422, 428, 440, 443, 449, 470, 492",2022-12-01,39.76
"104, 111, 120, 236, 428, 440, 443, 449, 470",2022-01-01,23.62
"104, 111, 120, 236, 428, 440, 443, 449, 470",2022-12-01,39.76
"104, 111, 120, 236, 428, 440, 443, 449, 470, 492",2022-01-01,99.21
"104, 111, 120, 236, 428, 440, 443, 449, 470, 492",2022-02-01,100
"104, 111, 120, 236, 428, 440, 443, 449, 470, 492",2022-03-01,3.15
"104, 111, 120, 236, 428, 440, 443, 449, 470, 492",2022-11-01,10.63
"104, 111, 120, 236, 428, 440, 443, 449, 470, 492",2022-12-01,78.74
"109, 180, 222, 255, 308, 401, 403, 487",2022-01-01,97.64
"109, 180, 222, 255, 308, 401, 403, 487",2022-02-01,92.13
"109, 180, 222, 255, 308, 401, 403, 487",2022-03-01,10.24
"109, 180, 222, 255, 308, 401, 403, 487",2022-04-01,15.35
"109, 180, 222, 255, 308, 401, 403, 487",2022-11-01,13.78
"109, 180, 222, 255, 308, 401, 403, 487",2022-12-01,100
"109, 180, 222, 308, 372, 403",2022-01-01,92.13
"109, 180, 222, 308, 372, 403",2022-02-01,96.85
"109, 180, 222, 308, 372, 403",2022-03-01,71.26
"109, 180, 222, 308, 372, 403",2022-04-01,9.45
"109, 180, 222, 308, 372, 403",2022-11-01,51.18
"109, 180, 222, 308, 372, 403",2022-12-01,100
"115, 184, 333, 363, 375, 416, 421, 424, 426, 441, 444, 460",2022-01-01,87.01
"115, 184, 333, 363, 375, 416, 421, 424, 426, 441, 444, 460",2022-02-01,96.85
"115, 184, 333, 363, 375, 416, 421, 424, 426, 441, 444, 460",2022-12-01,79.92
"115, 326, 409, 416, 421, 430, 445, 468, 474",2022-01-01,91.34
"115, 326, 409, 416, 421, 430, 445, 468, 474",2022-02-01,3.54
"115, 326, 409, 416, 421, 430, 445, 468, 474",2022-03-01,5.51
"115, 326, 409, 416, 421, 430, 445, 468, 474",2022-05-01,0.79
"115, 326, 409, 416, 421, 430, 445, 468, 474",2022-09-01,0.39
"115, 326, 409, 416, 421, 430, 445, 468, 474",2022-11-01,11.42
"115, 326, 409, 416, 421, 430, 445, 468, 474",2022-12-01,94.09
"115, 326, 416, 421, 445, 456, 468, 474",2022-01-01,100
"115, 326, 416, 421, 445, 456, 468, 474",2022-02-01,18.9
"115, 326, 416, 421, 445, 456, 468, 474",2022-03-01,2.36
"115, 326, 416, 421, 445, 456, 468, 474",2022-04-01,1.57
"115, 326, 416, 421, 445, 456, 468, 474",2022-11-01,11.81
"115, 326, 416, 421, 445, 456, 468, 474",2022-12-01,96.06
"115, 333, 363, 409, 416, 421, 424, 426, 430, 441, 444, 468",2022-01-01,98.03
"115, 333, 363, 409, 416, 421, 424, 426, 430, 441, 444, 468",2022-02-01,98.82
"115, 333, 363, 409, 416, 421, 424, 426, 430, 441, 444, 468",2022-03-01,98.03
"115, 333, 363, 409, 416, 421, 424, 426, 430, 441, 444, 468",2022-04-01,46.85
"115, 333, 363, 409, 416, 421, 424, 426, 430, 441, 444, 468",2022-05-01,0.39
"115, 333, 363, 409, 416, 421, 424, 426, 430, 441, 444, 468",2022-11-01,100
"115, 333, 363, 409, 416, 421, 424, 426, 430, 441, 444, 468",2022-12-01,96.85
"115, 409, 416, 421, 424, 430, 444, 468",2022-01-01,91.34
"115, 409, 416, 421, 424, 430, 444, 468",2022-02-01,96.06
"115, 409, 416, 421, 424, 430, 444, 468",2022-03-01,1.18
"115, 409, 416, 421, 424, 430, 444, 468",2022-11-01,5.51
"115, 409, 416, 421, 424, 430, 444, 468",2022-12-01,98.03
"115, 409, 416, 421, 430, 468",2022-01-01,34.25
"115, 409, 416, 421, 430, 468",2022-02-01,3.94
"115, 409, 416, 421, 430, 468",2022-03-01,0.39
"115, 409, 416, 421, 430, 468",2022-12-01,66.14
"123, 355",2022-01-01,24.673333333333332
"123, 355",2022-02-01,0.39
"123, 355",2022-03-01,0.79
"123, 355",2022-10-01,1.18
"123, 355",2022-11-01,12.594999999999999
"123, 355",2022-12-01,45.027499999999996
"123, 431, 464",2022-01-01,39.96
"123, 431, 464",2022-02-01,4.525
"123, 431, 464",2022-12-01,58.86
"123, 431, 464, 498",2022-01-01,9.055
"123, 431, 464, 498",2022-02-01,0.7849999999999999
"123, 431, 464, 498",2022-11-01,0.39
"123, 431, 464, 498",2022-12-01,59.25
"123, 464, 493, 498",2022-01-01,10.1375
"123, 464, 493, 498",2022-02-01,41.336666666666666
"123, 464, 493, 498",2022-03-01,2.5599999999999996
"123, 464, 493, 498",2022-12-01,27.823333333333334
125,2022-01-01,2.36
125,2022-03-01,2.76
125,2022-04-01,1.18
125,2022-12-01,1.475
126,2022-01-01,2.36
126,2022-02-01,24.41
126,2022-03-01,1.97
"126, 130, 167, 232, 243",2022-03-01,14.17
"126, 130, 167, 232, 243",2022-04-01,9.06
"126, 130, 167, 232, 243",2022-12-01,100
"126, 130, 167, 232, 243, 308, 372",2022-01-01,91.73
"126, 130, 167, 232, 243, 308, 372",2022-02-01,100
"126, 130, 167, 232, 243, 308, 372",2022-03-01,94.09
"126, 130, 167, 232, 243, 308, 372",2022-04-01,55.91
"126, 130, 167, 232, 243, 308, 372",2022-05-01,0.39
"126, 130, 167, 232, 243, 308, 372",2022-11-01,88.58
"126, 130, 167, 232, 243, 308, 372",2022-12-01,99.61
"126, 167, 232",2022-01-01,12.99
"126, 167, 232",2022-02-01,0.79
"126, 167, 232",2022-03-01,0.39
"126, 167, 232",2022-04-01,1.57
"126, 167, 232",2022-11-01,1.18
"126, 167, 232",2022-12-01,4.33
"126, 243",2022-01-01,97.24
"126, 243",2022-02-01,75.2
"126, 243",2022-03-01,10.63
"126, 243",2022-04-01,7.09
"126, 243",2022-12-01,83.07
"126, 243, 308, 372, 403",2022-01-01,97.64
"126, 243, 308, 372, 403",2022-02-01,97.64
"126, 243, 308, 372, 403",2022-03-01,98.03
"126, 243, 308, 372, 403",2022-04-01,44.49
"126, 243, 308, 372, 403",2022-11-01,50
"126, 243, 308, 372, 403",2022-12-01,100
"128, 281, 328",2022-03-01,1.18
"128, 281, 328",2022-12-01,2.76
"128, 328",2022-02-01,0.39
"128, 328",2022-12-01,0.79
"132, 187, 190, 241, 266, 289, 386",2022-01-01,51.775000000000006
"132, 187, 190, 241, 266, 289, 386",2022-02-01,50.589999999999996
"132, 187, 190, 241, 266, 289, 386",2022-03-01,100
"132, 187, 190, 241, 266, 289, 386",2022-04-01,96.06
"132, 187, 190, 241, 266, 289, 386",2022-05-01,58.27
"132, 187, 190, 241, 266, 289, 386",2022-06-01,6.3
"132, 187, 190, 241, 266, 289, 386",2022-10-01,2.36
"132, 187, 190, 241, 266, 289, 386",2022-11-01,92.91
"132, 187, 190, 241, 266, 289, 386",2022-12-01,99.61
"132, 187, 241, 266, 289, 386",2022-02-01,0.39
"132, 187, 241, 266, 289, 386",2022-12-01,1.57
"132, 241, 289, 386, 447",2022-01-01,89.37
"132, 241, 289, 386, 447",2022-02-01,60.63
"132, 241, 289, 386, 447",2022-03-01,42.52
"132, 241, 289, 386, 447",2022-04-01,42.915
"132, 241, 289, 386, 447",2022-05-01,6.3
"132, 241, 289, 386, 447",2022-10-01,2.76
"132, 241, 289, 386, 447",2022-11-01,12.99
"132, 241, 289, 386, 447",2022-12-01,43.7
"135, 136, 219, 307, 381, 489",2022-01-01,9.45
"135, 136, 219, 307, 381, 489",2022-12-01,50
"135, 136, 219, 381, 489",2022-01-01,6.69
"135, 136, 219, 381, 489",2022-12-01,100
"138, 157, 174, 247, 267, 280, 284, 296, 329, 332, 337, 350, 396, 398, 452",2022-01-01,91.535
"138, 157, 174, 247, 267, 280, 284, 296, 329, 332, 337, 350, 396, 398, 452",2022-02-01,74.015
"138, 157, 174, 247, 267, 280, 284, 296, 329, 332, 337, 350, 396, 398, 452",2022-03-01,52.949999999999996
"138, 157, 174, 247, 267, 280, 284, 296, 329, 332, 337, 350, 396, 398, 452",2022-04-01,43.895
"138, 157, 174, 247, 267, 280, 284, 296, 329, 332, 337, 350, 396, 398, 452",2022-05-01,39.76
"138, 157, 174, 247, 267, 280, 284, 296, 329, 332, 337, 350, 396, 398, 452",2022-06-01,7.09
"138, 157, 174, 247, 267, 280, 284, 296, 329, 332, 337, 350, 396, 398, 452",2022-09-01,52.36
"138, 157, 174, 247, 267, 280, 284, 296, 329, 332, 337, 350, 396, 398, 452",2022-10-01,1.97
"138, 157, 174, 247, 267, 280, 284, 296, 329, 332, 337, 350, 396, 398, 452",2022-11-01,94.09
"138, 157, 174, 247, 267, 280, 284, 296, 329, 332, 337, 350, 396, 398, 452",2022-12-01,83.265
"138, 157, 174, 247, 267, 280, 329, 332, 337, 350, 396, 398, 452",2022-01-01,94.09
"138, 157, 174, 247, 267, 280, 329, 332, 337, 350, 396, 398, 452",2022-02-01,97.24
"138, 157, 174, 247, 267, 280, 329, 332, 337, 350, 396, 398, 452",2022-03-01,99.21
"138, 157, 174, 247, 267, 280, 329, 332, 337, 350, 396, 398, 452",2022-04-01,25.59
"138, 157, 174, 247, 267, 280, 329, 332, 337, 350, 396, 398, 452",2022-05-01,2.36
"138, 157, 174, 247, 267, 280, 329, 332, 337, 350, 396, 398, 452",2022-11-01,97.64
"138, 157, 174, 247, 267, 280, 329, 332, 337, 350, 396, 398, 452",2022-12-01,97.24
"138, 157, 174, 247, 280, 329, 332, 398",2022-01-01,14.57
"138, 157, 174, 247, 280, 329, 332, 398",2022-02-01,62.6
"138, 157, 174, 247, 280, 329, 332, 398",2022-03-01,69.69
"138, 157, 174, 247, 280, 329, 332, 398",2022-04-01,35.83
"138, 157, 174, 247, 280, 329, 332, 398",2022-10-01,0.79
"138, 157, 174, 247, 280, 329, 332, 398",2022-11-01,1.97
"138, 157, 174, 247, 280, 329, 332, 398",2022-12-01,96.06
"138, 174, 247, 280, 283, 329, 332, 337, 350, 377, 396, 398, 451, 452",2022-01-01,58.86
"138, 174, 247, 280, 283, 329, 332, 337, 350, 377, 396, 398, 451, 452",2022-02-01,53.935
"138, 174, 247, 280, 283, 329, 332, 337, 350, 377, 396, 398, 451, 452",2022-03-01,51.379999999999995
"138, 174, 247, 280, 283, 329, 332, 337, 350, 377, 396, 398, 451, 452",2022-04-01,47.245
"138, 174, 247, 280, 283, 329, 332, 337, 350, 377, 396, 398, 451, 452",2022-05-01,33.46
"138, 174, 247, 280, 283, 329, 332, 337, 350, 377, 396, 398, 451, 452",2022-06-01,6.3
"138, 174, 247, 280, 283, 329, 332, 337, 350, 377, 396, 398, 451, 452",2022-09-01,2.76
"138, 174, 247, 280, 283, 329, 332, 337, 350, 377, 396, 398, 451, 452",2022-10-01,2.76
"138, 174, 247, 280, 283, 329, 332, 337, 350, 377, 396, 398, 451, 452",2022-11-01,100
"138, 174, 247, 280, 283, 329, 332, 337, 350, 377, 396, 398, 451, 452",2022-12-01,66.72999999999999
"138, 174, 247, 280, 283, 329, 332, 337, 350, 377, 396, 398, 452",2022-01-01,84.65
"138, 174, 247, 280, 283, 329, 332, 337, 350, 377, 396, 398, 452",2022-02-01,1.97
"138, 174, 247, 280, 283, 329, 332, 337, 350, 377, 396, 398, 452",2022-03-01,1.18
"138, 174, 247, 280, 283, 329, 332, 337, 350, 377, 396, 398, 452",2022-12-01,11.81
"138, 174, 247, 280, 283, 329, 332, 377, 398, 451",2022-01-01,68.9
"138, 174, 247, 280, 283, 329, 332, 377, 398, 451",2022-02-01,53.94
"138, 174, 247, 280, 283, 329, 332, 377, 398, 451",2022-03-01,36.61
"138, 174, 247, 280, 283, 329, 332, 377, 398, 451",2022-04-01,6.3
"138, 174, 247, 280, 283, 329, 332, 377, 398, 451",2022-11-01,0.79
"138, 174, 247, 280, 283, 329, 332, 377, 398, 451",2022-12-01,95.67
"138, 220, 247, 283, 317, 318, 350, 377, 398, 452",2022-02-01,0.79
"138, 220, 247, 283, 317, 318, 350, 377, 398, 452",2022-03-01,0.39
"138, 220, 247, 283, 317, 318, 350, 377, 398, 452",2022-04-01,1.18
"138, 220, 247, 283, 317, 318, 350, 377, 398, 452",2022-12-01,2.76
"139, 157, 174, 267, 280, 284, 296, 329, 332, 337, 366, 396, 419",2022-01-01,97.64
"139, 157, 174, 267, 280, 284, 296, 329, 332, 337, 366, 396, 419",2022-02-01,99.21
"139, 157, 174, 267, 280, 284, 296, 329, 332, 337, 366, 396, 419",2022-03-01,94.88
"139, 157, 174, 267, 280, 284, 296, 329, 332, 337, 366, 396, 419",2022-04-01,73.23
"139, 157, 174, 267, 280, 284, 296, 329, 332, 337, 366, 396, 419",2022-05-01,5.12
"139, 157, 174, 267, 280, 284, 296, 329, 332, 337, 366, 396, 419",2022-11-01,4.72
"139, 157, 174, 267, 280, 284, 296, 329, 332, 337, 366, 396, 419",2022-12-01,93.31
"142, 171",2022-01-01,1.57
"142, 171, 224",2022-01-01,25.2
"142, 171, 224",2022-02-01,0.39
"142, 171, 224",2022-04-01,7.09
"142, 171, 224, 310",2022-01-01,26.77
"142, 171, 224, 310",2022-02-01,0.79
"142, 171, 224, 310",2022-04-01,1.57
"142, 171, 224, 310",2022-12-01,12.99
"142, 171, 224, 310, 490",2022-01-01,71.26
"142, 171, 224, 310, 490",2022-02-01,35.43
"142, 171, 224, 310, 490",2022-03-01,5.91
"147, 339, 364, 422, 440, 443, 470, 492, 497",2022-01-01,78.35
"147, 339, 364, 422, 440, 443, 470, 492, 497",2022-02-01,0.39
"147, 339, 364, 422, 440, 443, 470, 492, 497",2022-12-01,50
"147, 339, 364, 422, 492, 496, 497",2022-01-01,84.25
"147, 339, 364, 422, 492, 496, 497",2022-02-01,0.39
"147, 339, 364, 422, 492, 496, 497",2022-03-01,1.97
"147, 339, 364, 422, 492, 496, 497",2022-11-01,10.24
"147, 339, 364, 422, 492, 496, 497",2022-12-01,75.2
"147, 422, 428, 440, 443, 449, 470, 492",2022-01-01,90.16
"147, 422, 428, 440, 443, 449, 470, 492",2022-02-01,34.65
"147, 422, 428, 440, 443, 449, 470, 492",2022-12-01,60.24
"151, 175, 400, 459, 490",2022-01-01,6.3
"151, 175, 400, 459, 490",2022-02-01,0.39
"151, 175, 400, 459, 490",2022-04-01,0.39
"151, 175, 400, 459, 490",2022-12-01,14.96
154,2022-01-01,99.28454545454545
154,2022-02-01,81.98833333333333
154,2022-03-01,88.05777777777777
154,2022-04-01,79.31
154,2022-05-01,79.52875
154,2022-06-01,10.5
154,2022-08-01,0.5233333333333333
154,2022-09-01,2.6233333333333335
154,2022-10-01,22.34125
154,2022-11-01,91.27416666666667
154,2022-12-01,97.96583333333334
"154, 235, 250",2022-01-01,96.4575
"154, 235, 250",2022-02-01,85.925
"154, 235, 250",2022-03-01,74.27666666666667
"154, 235, 250",2022-04-01,60.235
"154, 235, 250",2022-05-01,58.86
"154, 235, 250",2022-06-01,84.25
"154, 235, 250",2022-07-01,11.02
"154, 235, 250",2022-08-01,0.39
"154, 235, 250",2022-09-01,5.91
"154, 235, 250",2022-10-01,8.265
"154, 235, 250",2022-11-01,94.5875
"154, 235, 250",2022-12-01,97.835
155,2022-01-01,99.02000000000001
155,2022-02-01,99.61
155,2022-03-01,100
155,2022-04-01,98.82
155,2022-05-01,50.985
155,2022-06-01,10.24
155,2022-07-01,0.39
155,2022-10-01,63.385000000000005
155,2022-11-01,98.82
155,2022-12-01,99.41
158,2022-01-01,1.77
158,2022-12-01,1.18
"158, 351, 359",2022-01-01,1.57
"158, 351, 359",2022-12-01,7.87
"158, 359",2022-01-01,1.575
"158, 359",2022-11-01,0.39
"158, 359",2022-12-01,5.12
159,2022-01-01,6.1000000000000005
159,2022-03-01,0.39
159,2022-10-01,7.875
159,2022-11-01,7.87
159,2022-12-01,12.6975
"162, 299, 378, 495",2022-01-01,2.165
"162, 299, 378, 495",2022-02-01,0.39
"162, 299, 378, 495",2022-04-01,0.79
"162, 299, 378, 495",2022-11-01,8.27
"162, 299, 378, 495",2022-12-01,2.955
163,2022-01-01,98.72
163,2022-02-01,98.13
163,2022-03-01,99.8025
163,2022-04-01,92.4225
163,2022-05-01,81.3
163,2022-06-01,27.3625
163,2022-07-01,2.0966666666666667
163,2022-09-01,4.5275
163,2022-11-01,97.83500000000001
163,2022-12-01,97.83500000000001
"163, 181, 204",2022-01-01,97.7375
"163, 181, 204",2022-02-01,97.14750000000001
"163, 181, 204",2022-03-01,99.115
"163, 181, 204",2022-04-01,99.015
"163, 181, 204",2022-05-01,98.03
"163, 181, 204",2022-06-01,31.990000000000002
"163, 181, 204",2022-07-01,5.773333333333333
"163, 181, 204",2022-08-01,0.39
"163, 181, 204",2022-09-01,4.035
"163, 181, 204",2022-11-01,95.67
"163, 181, 204",2022-12-01,96.26
"163, 204",2022-01-01,99.766
"163, 204",2022-02-01,99.922
"163, 204",2022-03-01,98.74
"163, 204",2022-04-01,99.922
"163, 204",2022-05-01,77.9525
"163, 204",2022-06-01,47.083999999999996
"163, 204",2022-07-01,30.315
"163, 204",2022-08-01,3.02
"163, 204",2022-09-01,3.74
"163, 204",2022-10-01,0.79
"163, 204",2022-11-01,97.244
"163, 204",2022-12-01,99.058
"164, 173, 182, 214, 319",2022-01-01,46.455000000000005
"164, 173, 182, 214, 319",2022-02-01,50
"164, 173, 182, 214, 319",2022-03-01,49.214999999999996
"164, 173, 182, 214, 319",2022-04-01,48.425
"164, 173, 182, 214, 319",2022-05-01,29.13
"164, 173, 182, 214, 319",2022-11-01,32.67666666666666
"164, 173, 182, 214, 319",2022-12-01,40.156666666666666
"164, 173, 214, 268, 319",2022-01-01,27.555
"164, 173, 214, 268, 319",2022-02-01,59.06
"164, 173, 214, 268, 319",2022-03-01,46.06
"164, 173, 214, 268, 319",2022-04-01,68.9
"164, 173, 214, 268, 319",2022-05-01,4.72
"164, 173, 214, 268, 319",2022-11-01,25.2
"164, 173, 214, 268, 319",2022-12-01,37.199999999999996
"164, 173, 214, 268, 319, 484",2022-01-01,88.19
"164, 173, 214, 268, 319, 484",2022-02-01,90.16
"164, 173, 214, 268, 319, 484",2022-03-01,35.83
"164, 173, 214, 268, 319, 484",2022-04-01,62.99
"164, 173, 214, 268, 319, 484",2022-05-01,6.69
"164, 173, 214, 268, 319, 484",2022-11-01,1.97
"164, 173, 214, 268, 319, 484",2022-12-01,99.21
165,2022-01-01,97.69357142857143
165,2022-02-01,98.875
165,2022-03-01,92.82928571428572
165,2022-04-01,98.53714285714285
165,2022-05-01,38.8
165,2022-06-01,11.219
165,2022-07-01,8.201666666666666
165,2022-08-01,3.6733333333333333
165,2022-09-01,4.387142857142857
165,2022-10-01,11.897777777777778
165,2022-11-01,98.39642857142857
165,2022-12-01,98.08785714285715
"165, 264",2022-01-01,99.215
"165, 264",2022-02-01,100
"165, 264",2022-03-01,87.205
"165, 264",2022-04-01,53.545
"165, 264",2022-11-01,97.64
"165, 264",2022-12-01,99.015
166,2022-01-01,100
166,2022-02-01,57.89875
166,2022-03-01,15.05625
166,2022-12-01,19.685000000000002
"168, 207, 259, 292",2022-01-01,98.69
"168, 207, 259, 292",2022-02-01,83.33333333333333
"168, 207, 259, 292",2022-03-01,6.69
"168, 207, 259, 292",2022-04-01,4.72
"168, 207, 259, 292",2022-11-01,0.39
"168, 207, 259, 292",2022-12-01,42.123333333333335
"168, 254",2022-01-01,99.1125
"168, 254",2022-02-01,78.345
"168, 254",2022-03-01,13.256666666666668
"168, 254",2022-04-01,2.0966666666666667
"168, 254",2022-12-01,43.207499999999996
"168, 259",2022-01-01,97.50555555555556
"168, 259",2022-02-01,89.32555555555555
"168, 259",2022-03-01,9.745000000000001
"168, 259",2022-04-01,2.89
"168, 259",2022-11-01,0.79
"168, 259",2022-12-01,38.97666666666667
169,2022-01-01,5.6242857142857146
169,2022-02-01,15.059375000000001
169,2022-03-01,1.9675
169,2022-12-01,16.666666666666668
"170, 226, 334, 351, 357, 389",2022-01-01,27.95
"170, 226, 334, 351, 357, 389",2022-02-01,1.97
"170, 226, 334, 351, 357, 389",2022-03-01,0.39
"173, 182, 319",2022-01-01,41.735
"173, 182, 319",2022-02-01,96.46
"173, 182, 319",2022-03-01,29.13
"173, 182, 319",2022-04-01,62.99
"173, 182, 319",2022-05-01,8.66
"173, 182, 319",2022-11-01,14.17
"173, 182, 319",2022-12-01,36.5175
"175, 459, 490",2022-11-01,0.79
177,2022-01-01,28.0525
177,2022-02-01,20.18
177,2022-03-01,15.75
177,2022-04-01,17.915
177,2022-08-01,0.39
177,2022-11-01,18.11
177,2022-12-01,10.63
178,2022-01-01,99.581875
178,2022-02-01,100
178,2022-03-01,49.975
178,2022-04-01,4.7250000000000005
178,2022-08-01,0.39
178,2022-11-01,13.78
178,2022-12-01,51.940714285714286
179,2022-01-01,63.190000000000005
179,2022-02-01,75.49
179,2022-03-01,6.5633333333333335
179,2022-11-01,13.1875
179,2022-12-01,8.465
"179, 245",2022-01-01,78.11749999999999
"179, 245",2022-02-01,78.7075
"179, 245",2022-03-01,45.735
"179, 245",2022-04-01,6.02
"179, 245",2022-05-01,4.2
"179, 245",2022-10-01,26.772
"179, 245",2022-11-01,15.78
"179, 245",2022-12-01,18.96333333333333
180,2022-01-01,54.72
180,2022-02-01,8.27
180,2022-03-01,11.81
180,2022-04-01,5.12
180,2022-12-01,6.3
"180, 401, 487",2022-01-01,7.48
"180, 401, 487",2022-02-01,3.15
"180, 401, 487",2022-11-01,0.39
"180, 401, 487",2022-12-01,54.33
181,2022-01-01,99.88714285714286
181,2022-02-01,99.1
181,2022-03-01,93.87
181,2022-04-01,64.23833333333333
181,2022-05-01,74.605
181,2022-06-01,34.6475
181,2022-07-01,10.629999999999999
181,2022-08-01,3.94
181,2022-09-01,2.832
181,2022-11-01,96.68142857142857
181,2022-12-01,97.07714285714286
"181, 204",2022-01-01,99.134
"181, 204",2022-02-01,98.27
"181, 204",2022-03-01,99.292
"181, 204",2022-04-01,80.7075
"181, 204",2022-05-01,80.1175
"181, 204",2022-06-01,34.724000000000004
"181, 204",2022-07-01,14.37
"181, 204",2022-08-01,12.204999999999998
"181, 204",2022-09-01,4.2
"181, 204",2022-10-01,3.54
"181, 204",2022-11-01,95.512
"181, 204",2022-12-01,96.378
182,2022-11-01,3.94
182,2022-12-01,25
"182, 319",2022-01-01,12.99
"182, 319",2022-02-01,42.519999999999996
"182, 319",2022-03-01,4.33
"182, 319",2022-04-01,12.99
"182, 319",2022-05-01,3.15
"182, 319",2022-11-01,0.39
"182, 319",2022-12-01,41.20333333333333
185,2022-01-01,73.09666666666666
185,2022-02-01,66.14333333333333
185,2022-03-01,58.266666666666666
185,2022-04-01,26.970000000000002
185,2022-05-01,4.33
185,2022-06-01,0.39
185,2022-10-01,14.17
185,2022-11-01,71.655
185,2022-12-01,100
"185, 274",2022-01-01,66.73
"185, 274",2022-02-01,58.465
"185, 274",2022-03-01,42.714999999999996
"185, 274",2022-04-01,9.254999999999999
"185, 274",2022-05-01,7.48
"185, 274",2022-06-01,9.06
"185, 274",2022-07-01,11.42
"185, 274",2022-08-01,9.45
"185, 274",2022-09-01,8.66
"185, 274",2022-10-01,9.84
"185, 274",2022-11-01,55.115
"185, 274",2022-12-01,100
"187, 190, 241, 266, 289, 311, 386",2022-01-01,70.08
"187, 190, 241, 266, 289, 311, 386",2022-02-01,57.48
"187, 190, 241, 266, 289, 311, 386",2022-03-01,45.865
"187, 190, 241, 266, 289, 311, 386",2022-04-01,89.37
"187, 190, 241, 266, 289, 311, 386",2022-05-01,24.41
"187, 190, 241, 266, 289, 311, 386",2022-11-01,33.46
"187, 190, 241, 266, 289, 311, 386",2022-12-01,53.94
"187, 241, 266, 289, 386",2022-01-01,1.18
"187, 241, 266, 289, 386",2022-12-01,1.18
"188, 189, 224, 410",2022-02-01,0.39
"188, 189, 224, 410",2022-12-01,1.18
"189, 224",2022-01-01,0.79
"189, 224",2022-12-01,7.87
190,2022-01-01,2.36
191,2022-01-01,11.863999999999999
191,2022-02-01,7.3325
191,2022-03-01,1.575
191,2022-11-01,2.36
191,2022-12-01,4.46
192,2022-04-01,0.39
192,2022-06-01,38.426
192,2022-07-01,42.78
192,2022-08-01,6.69
192,2022-09-01,1.97
192,2022-10-01,3.15
"192, 208",2022-06-01,49.8
"192, 208",2022-07-01,1.18
193,2022-01-01,74.11375
193,2022-02-01,70.423125
193,2022-03-01,72.70444444444445
193,2022-04-01,64.84857142857143
193,2022-05-01,26.18125
193,2022-06-01,26.717142857142857
193,2022-07-01,10.87625
193,2022-08-01,5.984
193,2022-09-01,5.773333333333333
193,2022-10-01,14.916666666666666
193,2022-11-01,67.9875
193,2022-12-01,87.795
"194, 200, 321",2022-01-01,86.97181818181818
"194, 200, 321",2022-02-01,76.84272727272727
"194, 200, 321",2022-03-01,66.89
"194, 200, 321",2022-04-01,56.16777777777778
"194, 200, 321",2022-05-01,34.39875
"194, 200, 321",2022-06-01,13.5825
"194, 200, 321",2022-07-01,1.8366666666666667
"194, 200, 321",2022-08-01,0.79
"194, 200, 321",2022-09-01,6.929
"194, 200, 321",2022-10-01,0.985
"194, 200, 321",2022-11-01,86.79363636363637
"194, 200, 321",2022-12-01,93.16363636363636
"194, 321",2022-01-01,66.14
"194, 321",2022-02-01,49.7025
"194, 321",2022-03-01,53.67333333333333
"194, 321",2022-04-01,38.45333333333333
"194, 321",2022-05-01,56.69
"194, 321",2022-09-01,9.1525
"194, 321",2022-11-01,72.7375
"194, 321",2022-12-01,90.55250000000001
"195, 202",2022-01-01,96.25999999999999
"195, 202",2022-02-01,97.2475
"195, 202",2022-03-01,11.615
"195, 202",2022-05-01,2.76
"195, 202",2022-09-01,1.97
"195, 202",2022-10-01,4.33
"195, 202",2022-11-01,91.33666666666667
"195, 202",2022-12-01,98.82
"195, 261",2022-01-01,99.724
"195, 261",2022-02-01,86.732
"195, 261",2022-03-01,40.84625
"195, 261",2022-04-01,11.024999999999999
"195, 261",2022-05-01,0.79
"195, 261",2022-09-01,3.15
"195, 261",2022-10-01,0.79
"195, 261",2022-11-01,93.15
"195, 261",2022-12-01,99.56700000000001
"196, 253",2022-07-01,2.36
"196, 253",2022-08-01,9.84
"196, 253",2022-09-01,6.3
"196, 253",2022-10-01,7.09
197,2022-01-01,26.165384615384614
197,2022-02-01,1.9016666666666666
197,2022-04-01,4.33
197,2022-11-01,4.555714285714286
197,2022-12-01,68.66133333333333
198,2022-01-01,99.56700000000001
198,2022-02-01,82.402
198,2022-03-01,15.158333333333333
198,2022-04-01,16.298
198,2022-05-01,4.135
198,2022-09-01,2.36
198,2022-10-01,7.09
198,2022-11-01,66.97749999999999
198,2022-12-01,99.92099999999999
"198, 242",2022-01-01,98.42333333333333
"198, 242",2022-02-01,92.65
"198, 242",2022-03-01,13.253333333333334
"198, 242",2022-04-01,22.836666666666666
"198, 242",2022-05-01,4.33
"198, 242",2022-09-01,0.79
"198, 242",2022-10-01,1.57
"198, 242",2022-11-01,98.81666666666666
"198, 242",2022-12-01,100
"198, 242, 481",2022-01-01,98.95
"198, 242, 481",2022-02-01,91.99333333333333
"198, 242, 481",2022-03-01,52.1
"198, 242, 481",2022-04-01,27.953333333333337
"198, 242, 481",2022-05-01,5.51
"198, 242, 481",2022-09-01,1.18
"198, 242, 481",2022-10-01,1.775
"198, 242, 481",2022-11-01,98.81666666666666
"198, 242, 481",2022-12-01,100
199,2022-01-01,80.02
199,2022-02-01,68.24333333333334
199,2022-03-01,43.94230769230769
199,2022-04-01,49.18
199,2022-05-01,35.788000000000004
199,2022-06-01,3.0166666666666666
199,2022-08-01,3.2783333333333333
199,2022-09-01,13.135454545454545
199,2022-10-01,15.984
199,2022-11-01,67.58533333333334
199,2022-12-01,95.989375
200,2022-01-01,18.636666666666667
200,2022-02-01,31.5
200,2022-03-01,5.91
200,2022-09-01,3.28
200,2022-11-01,24.31
200,2022-12-01,52.0675
202,2022-01-01,98.42636363636363
202,2022-02-01,95.77727272727273
202,2022-03-01,45.907
202,2022-04-01,59.448
202,2022-05-01,53.74
202,2022-06-01,32.085
202,2022-07-01,1.97
202,2022-09-01,5.445
202,2022-10-01,0.39
202,2022-11-01,88.97545454545454
202,2022-12-01,98.28272727272727
203,2022-12-01,0.79
204,2022-01-01,99.60499999999999
204,2022-02-01,98.425
204,2022-03-01,78.74
204,2022-04-01,98.03
204,2022-05-01,14.96
204,2022-06-01,16.54
204,2022-09-01,2.36
204,2022-11-01,68.31
204,2022-12-01,96.25999999999999
206,2022-01-01,46.19444444444444
206,2022-02-01,33.42
206,2022-03-01,14.016
206,2022-10-01,0.39
206,2022-11-01,14.216666666666667
206,2022-12-01,26.995714285714286
"206, 265",2022-01-01,90.02666666666667
"206, 265",2022-02-01,95.8
"206, 265",2022-03-01,3.8033333333333332
"206, 265",2022-04-01,0.39
"206, 265",2022-11-01,17.518333333333334
"206, 265",2022-12-01,21.720000000000002
"207, 259, 292",2022-01-01,82.02333333333333
"207, 259, 292",2022-02-01,85.3
"207, 259, 292",2022-03-01,4.72
"207, 259, 292",2022-04-01,0.79
"207, 259, 292",2022-11-01,3.15
"207, 259, 292",2022-12-01,46.065
"207, 292",2022-01-01,75.433
"207, 292",2022-02-01,92.007
"207, 292",2022-03-01,14.17
"207, 292",2022-11-01,3.8375
"207, 292",2022-12-01,37.008
208,2022-04-01,1.18
208,2022-05-01,0.39
208,2022-06-01,60.574285714285715
208,2022-07-01,11.42
208,2022-08-01,3.54
209,2022-01-01,99.39733333333334
209,2022-02-01,99.65933333333334
209,2022-03-01,73.20266666666667
209,2022-04-01,63.74454545454545
209,2022-05-01,47.965833333333336
209,2022-06-01,18.391428571428573
209,2022-07-01,3.15
209,2022-08-01,0.79
209,2022-09-01,5.87
209,2022-10-01,9.504285714285714
209,2022-11-01,82.022
209,2022-12-01,99.554
"209, 216",2022-01-01,100
"209, 216",2022-02-01,100
"209, 216",2022-03-01,85.83
"209, 216",2022-12-01,100
210,2022-01-01,99.531875
210,2022-02-01,99.8275
210,2022-03-01,100
210,2022-04-01,100
210,2022-05-01,81.10272727272728
210,2022-06-01,12.2
210,2022-07-01,1.97
210,2022-09-01,0.39
210,2022-10-01,22.665714285714287
210,2022-11-01,94.511875
211,2022-01-01,98.5975
211,2022-02-01,97.834375
211,2022-03-01,80.85625
211,2022-04-01,73.59307692307692
211,2022-05-01,48.13
211,2022-06-01,24.5075
211,2022-07-01,6.69
211,2022-08-01,0.8825000000000001
211,2022-09-01,9.173
211,2022-10-01,0.39
211,2022-11-01,97.983125
211,2022-12-01,98.97666666666666
212,2022-01-01,34.51444444444444
212,2022-02-01,38.64
212,2022-03-01,49.4075
212,2022-04-01,33.46666666666667
212,2022-11-01,3.543333333333333
212,2022-12-01,1.34
"215, 271, 429",2022-01-01,74.43642857142858
"215, 271, 429",2022-02-01,54.79636363636364
"215, 271, 429",2022-03-01,40.044285714285714
"215, 271, 429",2022-04-01,40.07
"215, 271, 429",2022-05-01,15.266666666666666
"215, 271, 429",2022-06-01,92.13
"215, 271, 429",2022-07-01,72.83
"215, 271, 429",2022-08-01,25.59
"215, 271, 429",2022-09-01,12.895000000000001
"215, 271, 429",2022-10-01,15.746666666666668
"215, 271, 429",2022-11-01,53.410666666666664
"215, 271, 429",2022-12-01,90.870625
216,2022-01-01,96.116
216,2022-02-01,69.18666666666667
216,2022-03-01,42.06
216,2022-04-01,1.575
216,2022-08-01,0.39
216,2022-09-01,1.57
216,2022-10-01,1.57
216,2022-11-01,66.92857142857143
216,2022-12-01,64.46833333333333
217,2022-01-01,96.33375
217,2022-02-01,79.33125
217,2022-03-01,54.527857142857144
217,2022-04-01,52.479
217,2022-05-01,41.674285714285716
217,2022-06-01,17.086
217,2022-07-01,3.8242857142857143
217,2022-09-01,4.43
217,2022-10-01,0.5900000000000001
217,2022-11-01,87.671875
217,2022-12-01,96.924375
218,2022-01-01,96.62571428571428
218,2022-02-01,96.06142857142856
218,2022-03-01,76.26571428571428
218,2022-04-01,38.266
218,2022-05-01,4.72
218,2022-10-01,30.580000000000002
218,2022-11-01,47.30142857142857
218,2022-12-01,97.41285714285713
"218, 225",2022-01-01,97.885
"218, 225",2022-02-01,98.525
"218, 225",2022-03-01,97.59
"218, 225",2022-04-01,80.75874999999999
"218, 225",2022-05-01,18.94625
"218, 225",2022-07-01,0.985
"218, 225",2022-10-01,40.288333333333334
"218, 225",2022-11-01,84.98875
"218, 225",2022-12-01,97.885
"220, 283, 317, 318, 377",2022-01-01,98.82
"220, 283, 317, 318, 377",2022-12-01,100
"220, 317, 318, 489",2022-01-01,1.97
"220, 317, 318, 489",2022-12-01,93.7
"220, 337, 350, 396, 413, 452",2022-01-01,17.72
"220, 337, 350, 396, 413, 452",2022-12-01,1.18
"220, 350, 413, 452",2022-01-01,27.95
"220, 413",2022-01-01,45.08
"220, 413",2022-02-01,2.755
"220, 413",2022-04-01,12.2
"220, 413",2022-12-01,51.964999999999996
221,2022-01-01,100
221,2022-02-01,100
221,2022-03-01,3.15
221,2022-04-01,1.57
221,2022-11-01,12.2
221,2022-12-01,50.785
"221, 394",2022-01-01,96.19555555555556
"221, 394",2022-02-01,99.21333333333334
"221, 394",2022-03-01,13.62
"221, 394",2022-04-01,4.092
"221, 394",2022-07-01,1.97
"221, 394",2022-09-01,1.57
"221, 394",2022-11-01,4.983333333333333
"221, 394",2022-12-01,72.0475
"221, 491",2022-01-01,99.8025
"221, 491",2022-02-01,99.73666666666666
"221, 491",2022-03-01,62.795
"221, 491",2022-04-01,0.9166666666666666
"221, 491",2022-11-01,3.54
"221, 491",2022-12-01,67.62
223,2022-01-01,98.29333333333334
223,2022-02-01,97.440625
223,2022-03-01,97.71187499999999
223,2022-04-01,87.34933333333333
223,2022-05-01,75.91833333333334
223,2022-06-01,51.15076923076923
223,2022-07-01,16.22888888888889
223,2022-08-01,6.105
223,2022-09-01,5.83
223,2022-10-01,5.7075000000000005
223,2022-11-01,97.416875
223,2022-12-01,99.015625
224,2022-01-01,3.54
224,2022-12-01,4.33
225,2022-01-01,88.48375
225,2022-02-01,74.41
225,2022-03-01,34.59625
225,2022-04-01,3.6733333333333333
225,2022-07-01,0.39
225,2022-10-01,20.87
225,2022-11-01,6.928
225,2022-12-01,53.002500000000005
227,2022-01-01,98.78846153846153
227,2022-02-01,99.97
227,2022-03-01,54.39076923076923
227,2022-04-01,9.921
227,2022-11-01,5.294444444444444
227,2022-12-01,31.556923076923077
"227, 302",2022-01-01,98.42666666666666
"227, 302",2022-02-01,85.95666666666666
"227, 302",2022-03-01,2.3633333333333333
"227, 302",2022-11-01,5.116666666666667
"227, 302",2022-12-01,20.736666666666668
"229, 323",2022-01-01,1.57
"229, 323",2022-02-01,6.3
"229, 323, 360, 362",2022-01-01,100
"229, 323, 360, 362",2022-02-01,100
"229, 323, 360, 362",2022-03-01,78.74
"229, 323, 360, 362",2022-04-01,100
"229, 323, 360, 362",2022-05-01,10.24
"229, 323, 360, 362",2022-10-01,0.79
"229, 323, 360, 362",2022-11-01,4.72
"229, 323, 360, 362",2022-12-01,9.84
"229, 343, 360, 361, 362, 383",2022-01-01,100
"229, 343, 360, 361, 362, 383",2022-02-01,99.805
"229, 343, 360, 361, 362, 383",2022-03-01,100
"229, 343, 360, 361, 362, 383",2022-04-01,51.77
"229, 343, 360, 361, 362, 383",2022-05-01,0.39
"229, 343, 360, 361, 362, 383",2022-12-01,90.55
"229, 343, 361",2022-01-01,4.92
"229, 343, 361",2022-02-01,19.69
"229, 343, 361",2022-03-01,12.6
"229, 343, 361",2022-12-01,0.39
"229, 343, 361, 362, 383",2022-01-01,98.03
"229, 343, 361, 362, 383",2022-02-01,50.59
"229, 343, 361, 362, 383",2022-03-01,69.685
"229, 343, 361, 362, 383",2022-04-01,100
"229, 343, 361, 362, 383",2022-05-01,0.39
"229, 343, 361, 362, 383",2022-08-01,0.79
"229, 343, 361, 362, 383",2022-12-01,98.43
"229, 360, 361, 362, 383",2022-01-01,99.5075
"229, 360, 361, 362, 383",2022-02-01,97.9325
"229, 360, 361, 362, 383",2022-03-01,55.8075
"229, 360, 361, 362, 383",2022-04-01,23.82
"229, 360, 361, 362, 383",2022-11-01,0.39
"229, 360, 361, 362, 383",2022-12-01,28.476666666666667
"229, 361",2022-01-01,0.39
"229, 361",2022-02-01,4.33
"229, 361",2022-03-01,0.39
"229, 361",2022-12-01,1.18
"229, 361, 362, 383",2022-01-01,100
"229, 361, 362, 383",2022-02-01,100
"229, 361, 362, 383",2022-03-01,100
"229, 361, 362, 383",2022-04-01,39.76
"229, 361, 362, 383",2022-11-01,2.36
"229, 361, 362, 383",2022-12-01,37.4
231,2022-01-01,99.21187499999999
231,2022-02-01,98.155
231,2022-03-01,84.965625
231,2022-04-01,62.026363636363634
231,2022-05-01,67.32333333333334
231,2022-06-01,38.41428571428571
231,2022-07-01,10.9225
231,2022-08-01,3.4766666666666666
231,2022-09-01,5.709
231,2022-10-01,3.15
231,2022-11-01,98.5975
231,2022-12-01,98.45
232,2022-12-01,1.57
"232, 246, 262, 282, 305, 353, 434, 476, 477",2022-01-01,13.39
"232, 246, 262, 282, 305, 353, 434, 476, 477",2022-02-01,10.63
"232, 246, 262, 282, 305, 353, 434, 476, 477",2022-03-01,1.57
"232, 246, 262, 282, 305, 353, 434, 476, 477",2022-12-01,34.65
"232, 262, 282, 305, 353, 476, 477",2022-01-01,55.91
"232, 262, 282, 305, 353, 476, 477",2022-02-01,31.1
"232, 262, 282, 305, 353, 476, 477",2022-03-01,34.65
"232, 262, 282, 305, 353, 476, 477",2022-12-01,59.06
234,2022-01-01,36.8125
234,2022-02-01,94.36
234,2022-03-01,68.24
234,2022-04-01,14.303333333333333
234,2022-05-01,2.76
234,2022-12-01,26.77
"235, 250",2022-01-01,97.605
"235, 250",2022-02-01,88.68083333333334
"235, 250",2022-03-01,51.31166666666667
"235, 250",2022-04-01,41.73
"235, 250",2022-05-01,13.123333333333333
"235, 250",2022-09-01,1.31
"235, 250",2022-10-01,9.973333333333333
"235, 250",2022-11-01,89.14083333333333
"235, 250",2022-12-01,100
"236, 284, 296, 428, 449",2022-01-01,3.54
"236, 284, 296, 428, 449",2022-12-01,39.76
237,2022-01-01,99.605625
237,2022-02-01,100
237,2022-03-01,99.45875
237,2022-04-01,25.642666666666667
237,2022-05-01,0.79
237,2022-06-01,1.18
237,2022-10-01,0.39
237,2022-11-01,4.33
237,2022-12-01,50.891333333333336
238,2022-01-01,56.643125
238,2022-02-01,81.4225
238,2022-03-01,3.94
238,2022-09-01,0.39
238,2022-10-01,1.18
238,2022-11-01,1.57
238,2022-12-01,12.405000000000001
"239, 346, 390, 463",2022-01-01,84.645
"239, 346, 390, 463",2022-02-01,73.65
"239, 346, 390, 463",2022-03-01,75.77230769230769
"239, 346, 390, 463",2022-04-01,34.64666666666667
"239, 346, 390, 463",2022-05-01,17.267142857142858
"239, 346, 390, 463",2022-06-01,8.504
"239, 346, 390, 463",2022-07-01,14.17
"239, 346, 390, 463",2022-08-01,4.72
"239, 346, 390, 463",2022-09-01,2.4899999999999998
"239, 346, 390, 463",2022-10-01,5.905
"239, 346, 390, 463",2022-11-01,35.083333333333336
"239, 346, 390, 463",2022-12-01,42.659285714285716
241,2022-01-01,1.18
241,2022-12-01,0.7849999999999999
242,2022-01-01,98.03
242,2022-02-01,95.67
242,2022-03-01,98.82
242,2022-04-01,100
242,2022-05-01,99.21
242,2022-06-01,52.36
242,2022-07-01,0.79
242,2022-09-01,2.36
242,2022-10-01,2.76
242,2022-11-01,97.24
242,2022-12-01,99.61
"242, 407, 471, 481",2022-01-01,97.24
"242, 407, 471, 481",2022-02-01,99.61
"242, 407, 471, 481",2022-03-01,96.06
"242, 407, 471, 481",2022-04-01,100
"242, 407, 471, 481",2022-05-01,96.06
"242, 407, 471, 481",2022-06-01,2.36
"242, 407, 471, 481",2022-11-01,97.24
"242, 407, 471, 481",2022-12-01,97.64
"242, 407, 481",2022-01-01,99.41
"242, 407, 481",2022-02-01,100
"242, 407, 481",2022-03-01,93.505
"242, 407, 481",2022-04-01,98.62
"242, 407, 481",2022-05-01,94.88
"242, 407, 481",2022-06-01,19.880000000000003
"242, 407, 481",2022-07-01,2.755
"242, 407, 481",2022-09-01,15.35
"242, 407, 481",2022-10-01,23.23
"242, 407, 481",2022-11-01,98.22999999999999
"242, 407, 481",2022-12-01,98.03
"242, 481",2022-01-01,98.75333333333333
"242, 481",2022-02-01,98.16333333333333
"242, 481",2022-03-01,99.015
"242, 481",2022-04-01,98.95
"242, 481",2022-05-01,61.02333333333333
"242, 481",2022-06-01,46.95
"242, 481",2022-07-01,35.95666666666666
"242, 481",2022-08-01,14.96
"242, 481",2022-09-01,1.7033333333333334
"242, 481",2022-10-01,11.258000000000001
"242, 481",2022-11-01,97.83333333333333
"242, 481",2022-12-01,96.91666666666667
245,2022-01-01,9.84
245,2022-02-01,10.496666666666666
245,2022-03-01,7.875
245,2022-05-01,3.545
245,2022-10-01,5.115
245,2022-11-01,12.6
"246, 262, 282, 305, 353, 376, 385, 434, 476, 477",2022-02-01,0.79
"246, 262, 282, 305, 353, 376, 385, 434, 476, 477",2022-03-01,5.51
"246, 262, 282, 305, 353, 376, 385, 434, 476, 477",2022-12-01,7.87
"246, 305, 385, 434",2022-01-01,1.18
"246, 305, 385, 434",2022-02-01,1.57
"246, 305, 385, 434",2022-03-01,0.79
"246, 305, 385, 434",2022-11-01,0.39
"246, 305, 385, 434",2022-12-01,7.48
"246, 305, 434",2022-01-01,1.97
"246, 305, 434",2022-02-01,1.57
"246, 305, 434",2022-12-01,7.09
"246, 385, 434",2022-01-01,11.02
"246, 385, 434",2022-02-01,31.695
"246, 385, 434",2022-03-01,4.925
"246, 385, 434",2022-04-01,3.54
"246, 385, 434",2022-12-01,34.055
248,2022-01-01,99.35545454545455
248,2022-02-01,99.96454545454546
248,2022-03-01,99.96454545454546
248,2022-04-01,93.02090909090909
248,2022-05-01,1.8399999999999999
248,2022-10-01,14.568
248,2022-11-01,60.511
248,2022-12-01,99.75090909090909
"248, 344, 368",2022-01-01,99.87
"248, 344, 368",2022-02-01,100
"248, 344, 368",2022-03-01,99.60666666666667
"248, 344, 368",2022-04-01,83.20333333333333
"248, 344, 368",2022-10-01,12.4
"248, 344, 368",2022-11-01,75.85333333333332
"248, 344, 368",2022-12-01,99.73666666666666
"248, 344, 368, 371",2022-01-01,98.43
"248, 344, 368, 371",2022-02-01,100
"248, 344, 368, 371",2022-03-01,100
"248, 344, 368, 371",2022-04-01,100
"248, 344, 368, 371",2022-11-01,85.04
"248, 344, 368, 371",2022-12-01,99.21
"248, 371",2022-01-01,100
"248, 371",2022-02-01,100
"248, 371",2022-03-01,100
"248, 371",2022-04-01,100
"248, 371",2022-11-01,57.48
"248, 371",2022-12-01,100
251,2022-01-01,75.56400000000001
251,2022-02-01,60.04
251,2022-03-01,38.613076923076925
251,2022-04-01,16.22
251,2022-05-01,2.165
251,2022-08-01,0.39
251,2022-10-01,8.818
251,2022-11-01,44.64076923076923
251,2022-12-01,94.90625
253,2022-06-01,3.94
253,2022-07-01,0.79
253,2022-09-01,0.79
254,2022-01-01,99.57090909090908
254,2022-02-01,99.85636363636364
254,2022-03-01,18.582
254,2022-04-01,3.262857142857143
254,2022-10-01,0.79
254,2022-11-01,0.985
254,2022-12-01,30.815454545454546
259,2022-01-01,78.74
259,2022-02-01,100
259,2022-03-01,14.17
259,2022-12-01,37.01
260,2022-01-01,99.83142857142857
260,2022-02-01,99.38142857142857
260,2022-03-01,99.66285714285713
260,2022-04-01,65.07428571428572
260,2022-05-01,6.695
260,2022-11-01,25.4925
260,2022-12-01,73.77799999999999
"260, 499",2022-01-01,99.90125
"260, 499",2022-02-01,100
"260, 499",2022-03-01,100
"260, 499",2022-04-01,90.10142857142857
"260, 499",2022-05-01,25.354
"260, 499",2022-11-01,34.958
"260, 499",2022-12-01,67.32249999999999
261,2022-01-01,99.73666666666666
261,2022-02-01,83.20333333333333
261,2022-03-01,29.725
261,2022-11-01,96.19333333333333
261,2022-12-01,99.34333333333333
263,2022-01-01,55.12
263,2022-02-01,90.745
263,2022-03-01,86.61500000000001
263,2022-04-01,49.015
263,2022-05-01,1.18
263,2022-07-01,8.53
263,2022-09-01,3.6733333333333333
263,2022-11-01,52.754999999999995
263,2022-12-01,49.343333333333334
264,2022-01-01,97.86214285714286
264,2022-02-01,97.835
264,2022-03-01,57.26692307692308
264,2022-04-01,53.65090909090909
264,2022-05-01,3.4116666666666666
264,2022-06-01,0.39
264,2022-07-01,5.91
264,2022-08-01,0.79
264,2022-09-01,4.07
264,2022-10-01,3.94
264,2022-11-01,98.87571428571428
264,2022-12-01,98.14428571428572
265,2022-01-01,47.951
265,2022-02-01,51.378
265,2022-03-01,15.158333333333333
265,2022-11-01,11.418
265,2022-12-01,24.251
"267, 284, 296, 337, 350, 396, 452",2022-01-01,80.31
"267, 284, 296, 337, 350, 396, 452",2022-02-01,1.57
"267, 284, 296, 337, 350, 396, 452",2022-12-01,0.79
"267, 284, 296, 337, 366, 396, 419",2022-01-01,60.63
"267, 284, 296, 337, 366, 396, 419",2022-02-01,2.76
"267, 284, 296, 337, 366, 396, 419",2022-12-01,1.18
269,2022-01-01,87.870625
269,2022-02-01,82.00214285714286
269,2022-03-01,65.94571428571429
269,2022-04-01,23.976
269,2022-05-01,0.5900000000000001
269,2022-09-01,54.92
269,2022-11-01,41.26
269,2022-12-01,69.68444444444444
272,2022-01-01,9.337142857142856
272,2022-02-01,38.3375
272,2022-03-01,0.39
272,2022-12-01,6.614
273,2022-01-01,77.50285714285714
273,2022-02-01,62.22875
273,2022-03-01,42.597
273,2022-04-01,40.058749999999996
273,2022-05-01,57.2825
273,2022-06-01,18.599999999999998
273,2022-07-01,1.18
273,2022-10-01,3.15
273,2022-11-01,71.48125
273,2022-12-01,90.330625
274,2022-01-01,100
274,2022-02-01,100
274,2022-03-01,100
274,2022-04-01,100
274,2022-05-01,0.39
274,2022-07-01,0.39
274,2022-11-01,97.24
274,2022-12-01,100
"275, 411",2022-01-01,2.76
"275, 411",2022-10-01,0.39
"275, 411",2022-12-01,2.36
278,2022-01-01,99.41
278,2022-02-01,100
278,2022-03-01,99.475
278,2022-04-01,95.24249999999999
278,2022-05-01,81.42363636363636
278,2022-06-01,48.6225
278,2022-07-01,39.83
278,2022-08-01,29.133333333333333
278,2022-09-01,44.995714285714286
278,2022-10-01,98.3925
278,2022-11-01,98.16166666666666
278,2022-12-01,99.27833333333334
"284, 296",2022-01-01,23.03
"284, 296",2022-02-01,11.02
"284, 296",2022-03-01,5.12
"284, 296",2022-04-01,1.18
"284, 296",2022-11-01,7.09
"284, 296",2022-12-01,59.644999999999996
286,2022-01-01,39.1725
286,2022-12-01,19.842000000000002
"286, 367",2022-01-01,41.6
"286, 367",2022-02-01,3.35
"286, 367",2022-04-01,13.78
"286, 367",2022-11-01,5.91
"286, 367",2022-12-01,29.368000000000002
291,2022-01-01,66.116875
291,2022-02-01,58.3175
291,2022-03-01,80.8325
291,2022-04-01,27.610666666666667
291,2022-05-01,26.219
291,2022-06-01,25.43
291,2022-07-01,14.7
291,2022-08-01,3.673333333333333
291,2022-09-01,11.81
291,2022-10-01,11.81
291,2022-11-01,22.045555555555556
291,2022-12-01,33.324285714285715
293,2022-01-01,95.00307692307692
293,2022-02-01,79.25384615384615
293,2022-03-01,51.89545454545455
293,2022-04-01,70.58285714285714
293,2022-05-01,38.07857142857143
293,2022-06-01,25.788333333333334
293,2022-07-01,14.173333333333334
293,2022-08-01,1.775
293,2022-09-01,0.39
293,2022-10-01,3.0166666666666666
293,2022-11-01,73.425
293,2022-12-01,97.03307692307692
"294, 330",2022-01-01,8.27
"294, 330",2022-02-01,9.45
"294, 330",2022-03-01,7.09
"294, 330",2022-04-01,3.15
"294, 330",2022-11-01,7.48
"294, 330",2022-12-01,28.35
295,2022-01-01,100
295,2022-02-01,100
295,2022-03-01,100
295,2022-04-01,100
295,2022-05-01,63.39
295,2022-06-01,2.36
295,2022-10-01,75.2
295,2022-11-01,99.21
295,2022-12-01,100
298,2022-01-01,0.5900000000000001
298,2022-02-01,6.105
298,2022-03-01,0.39
298,2022-12-01,0.39
"298, 352",2022-01-01,14.96
"298, 352",2022-02-01,23.81833333333333
"298, 352",2022-03-01,5.905
"298, 352",2022-04-01,4.33
"298, 352",2022-11-01,0.39
"298, 352",2022-12-01,6.433333333333334
"299, 378, 495",2022-11-01,0.39
"299, 378, 495",2022-12-01,0.79
300,2022-01-01,99.92625
300,2022-02-01,100
300,2022-03-01,100
300,2022-04-01,94.635625
300,2022-05-01,94.17333333333333
300,2022-06-01,22.2425
300,2022-07-01,7.216666666666667
300,2022-08-01,2.23
300,2022-09-01,2.755
300,2022-10-01,26.115
300,2022-11-01,42.37125
300,2022-12-01,98.276875
302,2022-01-01,96.82000000000001
302,2022-02-01,96.69846153846153
302,2022-03-01,18.18181818181818
302,2022-04-01,4.0325
302,2022-05-01,0.39
302,2022-11-01,1.9675
302,2022-12-01,37.73538461538462
304,2022-01-01,100
304,2022-02-01,100
304,2022-03-01,100
304,2022-04-01,100
304,2022-05-01,37.40125
304,2022-08-01,1.18
304,2022-09-01,0.39
304,2022-10-01,57.085
304,2022-11-01,100
305,2022-01-01,0.7849999999999999
305,2022-02-01,0.79
305,2022-12-01,3.545
306,2022-01-01,98.49875
306,2022-02-01,98.45
306,2022-03-01,98.573125
306,2022-04-01,88.55875
306,2022-05-01,66.83923076923077
306,2022-06-01,35.261874999999996
306,2022-07-01,16.78857142857143
306,2022-08-01,9.787142857142857
306,2022-09-01,5.206666666666666
306,2022-10-01,1.1
306,2022-11-01,96.53125
306,2022-12-01,98.69625
312,2022-01-01,60.79928571428571
312,2022-02-01,35.33416666666667
312,2022-03-01,36.12923076923077
312,2022-04-01,5.02
312,2022-11-01,0.79
312,2022-12-01,13.125
314,2022-01-01,18.855555555555554
314,2022-02-01,9.972222222222223
314,2022-03-01,7.577500000000001
314,2022-08-01,0.39
314,2022-12-01,10.673333333333334
315,2022-01-01,53.566875
315,2022-02-01,64.4675
315,2022-03-01,37.874
315,2022-11-01,0.39
315,2022-12-01,19.47
316,2022-01-01,61.145
316,2022-02-01,77.33875
316,2022-03-01,30.7725
316,2022-04-01,2.36
316,2022-05-01,1.57
316,2022-11-01,1.654
316,2022-12-01,44.610625
320,2022-01-01,1.97
320,2022-12-01,2.124
322,2022-01-01,14.57
322,2022-02-01,3.6425
322,2022-03-01,10.63
322,2022-04-01,7.8757142857142854
322,2022-05-01,56.69416666666667
322,2022-06-01,63.78
322,2022-07-01,78.515
322,2022-08-01,66.24666666666667
322,2022-09-01,62.696666666666665
322,2022-10-01,48.88166666666667
322,2022-11-01,44.54571428571429
322,2022-12-01,12.203333333333333
323,2022-01-01,98.42666666666666
323,2022-02-01,86.68
323,2022-03-01,82.126
323,2022-04-01,53.9375
323,2022-05-01,64.765
323,2022-06-01,3.15
323,2022-10-01,3.15
323,2022-11-01,34.055
323,2022-12-01,70.31400000000001
"323, 360",2022-01-01,100
"323, 360",2022-02-01,100
"323, 360",2022-03-01,100
"323, 360",2022-04-01,84.255
"323, 360",2022-05-01,0.39
"323, 360",2022-11-01,0.39
"323, 360",2022-12-01,98.62
327,2022-01-01,66.995
327,2022-02-01,46.39333333333333
327,2022-03-01,43.9975
327,2022-04-01,85.82333333333332
327,2022-05-01,43.04333333333334
327,2022-06-01,40.745
327,2022-07-01,7.22
327,2022-08-01,0.79
327,2022-10-01,0.5900000000000001
327,2022-11-01,56.56166666666667
327,2022-12-01,83.20166666666667
330,2022-02-01,9.06
330,2022-03-01,0.39
330,2022-04-01,1.97
330,2022-12-01,24.02
"334, 351, 357, 389",2022-01-01,94.09
"334, 351, 357, 389",2022-02-01,98.43
"334, 351, 357, 389",2022-03-01,7.48
"334, 351, 357, 389",2022-12-01,100
"337, 350, 396, 452",2022-01-01,31.1
"337, 350, 396, 452",2022-12-01,33.07
338,2022-01-01,8.27
338,2022-02-01,4.72
338,2022-03-01,4.33
338,2022-06-01,0.39
338,2022-12-01,14.370000000000001
340,2022-01-01,79.63266666666667
340,2022-02-01,85.59066666666666
340,2022-03-01,58.425333333333334
340,2022-04-01,30.764285714285716
340,2022-09-01,1.97
340,2022-11-01,0.39
340,2022-12-01,58.35846153846154
341,2022-01-01,100
341,2022-02-01,100
341,2022-03-01,100
341,2022-04-01,96.4575
341,2022-10-01,16.666666666666668
341,2022-11-01,52.265
341,2022-12-01,100
"341, 344, 368",2022-01-01,99.724
"341, 344, 368",2022-02-01,99.764
"341, 344, 368",2022-03-01,100
"341, 344, 368",2022-04-01,100
"341, 344, 368",2022-05-01,12.405
"341, 344, 368",2022-10-01,12.51
"341, 344, 368",2022-11-01,51.693
"341, 344, 368",2022-12-01,99.804
"341, 344, 368, 371",2022-01-01,100
"341, 344, 368, 371",2022-02-01,100
"341, 344, 368, 371",2022-03-01,100
"341, 344, 368, 371",2022-04-01,100
"341, 344, 368, 371",2022-10-01,9.45
"341, 344, 368, 371",2022-11-01,66.535
"341, 344, 368, 371",2022-12-01,100
"342, 354, 437, 480",2022-01-01,95.275
"342, 354, 437, 480",2022-02-01,99.41
"342, 354, 437, 480",2022-03-01,83.86
"342, 354, 437, 480",2022-11-01,4.525
"342, 354, 437, 480",2022-12-01,50.985
"342, 437",2022-01-01,21.65
"342, 437",2022-02-01,3.94
"342, 437",2022-03-01,1.18
"342, 437",2022-11-01,1.97
"342, 437",2022-12-01,35.24
"342, 437, 454, 455, 480",2022-01-01,83.465
"342, 437, 454, 455, 480",2022-02-01,99.60499999999999
"342, 437, 454, 455, 480",2022-03-01,33.27
"342, 437, 454, 455, 480",2022-04-01,31.89
"342, 437, 454, 455, 480",2022-12-01,52.16499999999999
"342, 437, 455",2022-01-01,70.08
"342, 437, 455",2022-02-01,97.64
"342, 437, 455",2022-03-01,3.54
"342, 437, 455",2022-11-01,13.39
"342, 437, 455",2022-12-01,93.31
"342, 437, 455, 480",2022-01-01,60.63
"342, 437, 455, 480",2022-02-01,98.03
"342, 437, 455, 480",2022-03-01,57.48
"342, 437, 455, 480",2022-04-01,3.15
"342, 437, 455, 480",2022-12-01,53.94
"342, 437, 480",2022-01-01,62.3025
"342, 437, 480",2022-02-01,96.9525
"342, 437, 480",2022-03-01,49.900000000000006
"342, 437, 480",2022-04-01,16.533333333333335
"342, 437, 480",2022-12-01,61.6125
"342, 454, 455, 485",2022-01-01,99.60499999999999
"342, 454, 455, 485",2022-02-01,100
"342, 454, 455, 485",2022-03-01,59.845
"342, 454, 455, 485",2022-04-01,97.64
"342, 454, 455, 485",2022-05-01,32.28
"342, 454, 455, 485",2022-08-01,0.39
"342, 454, 455, 485",2022-10-01,0.39
"342, 454, 455, 485",2022-11-01,1.18
"342, 454, 455, 485",2022-12-01,47.835
"342, 455",2022-01-01,10.24
"342, 455",2022-02-01,6.69
"342, 455",2022-03-01,1.57
"342, 455",2022-11-01,1.97
"342, 455",2022-12-01,100
"342, 455, 485",2022-01-01,91.34
"342, 455, 485",2022-02-01,97.64
"342, 455, 485",2022-03-01,37.4
"342, 455, 485",2022-12-01,20.08
343,2022-01-01,49.705
343,2022-02-01,41.732
343,2022-03-01,45.9675
343,2022-04-01,24.543333333333333
343,2022-05-01,0.39
343,2022-12-01,49.60666666666667
"343, 361",2022-02-01,8.27
"343, 361, 383",2022-01-01,98.62
"343, 361, 383",2022-02-01,99.60499999999999
"343, 361, 383",2022-03-01,56.495
"343, 361, 383",2022-04-01,100
"343, 361, 383",2022-05-01,5.12
"343, 361, 383",2022-11-01,0.39
"343, 361, 383",2022-12-01,53.54
345,2022-01-01,98.646875
345,2022-02-01,99.12153846153846
345,2022-03-01,75.066
345,2022-04-01,26.258
345,2022-05-01,5.773333333333333
345,2022-10-01,2.36
345,2022-11-01,4.3325
345,2022-12-01,99.58
347,2022-01-01,100
347,2022-02-01,99.87
347,2022-03-01,100
347,2022-04-01,40.945
347,2022-05-01,9.84
347,2022-09-01,0.79
347,2022-11-01,11.615
347,2022-12-01,95.93
348,2022-01-01,75.551
348,2022-02-01,32.598
348,2022-03-01,0.39
348,2022-04-01,10.626666666666667
348,2022-11-01,4.263333333333334
348,2022-12-01,24.672
349,2022-01-01,55.17133333333333
349,2022-02-01,30.216666666666665
349,2022-03-01,39.20142857142857
349,2022-04-01,12.6
349,2022-11-01,1.77
349,2022-12-01,6.7425
351,2022-01-01,58.11
351,2022-02-01,19.095
351,2022-11-01,1.57
351,2022-12-01,56.3
"351, 359",2022-01-01,19.69
"351, 359",2022-12-01,100
"351, 359, 389",2022-01-01,49.61
"351, 359, 389",2022-11-01,1.57
"351, 359, 389",2022-12-01,33.07
"351, 381",2022-01-01,98.43
"351, 381",2022-02-01,93.7
"351, 381",2022-03-01,14.17
"351, 381",2022-12-01,24.8
"351, 389",2022-01-01,66.54
"351, 389",2022-02-01,1.57
"351, 389",2022-11-01,1.57
352,2022-01-01,18.108
352,2022-02-01,14.959999999999999
352,2022-03-01,3.5416666666666665
352,2022-04-01,0.39
352,2022-11-01,0.39
352,2022-12-01,5.773333333333333
354,2022-01-01,34.55888888888889
354,2022-02-01,33.07
354,2022-03-01,15.35
354,2022-04-01,11.225000000000001
354,2022-11-01,5.64
354,2022-12-01,68.63555555555556
"354, 437, 480",2022-01-01,100
"354, 437, 480",2022-02-01,100
"354, 437, 480",2022-03-01,2.76
"354, 437, 480",2022-12-01,20.87
"354, 480",2022-01-01,83.2
"354, 480",2022-02-01,40.946666666666665
"354, 480",2022-03-01,2.56
"354, 480",2022-11-01,2.955
"354, 480",2022-12-01,55.12
355,2022-01-01,18.99625
355,2022-02-01,1.575
355,2022-04-01,0.39
355,2022-11-01,2.0966666666666667
355,2022-12-01,14.42
358,2022-01-01,91.286
358,2022-02-01,50.535000000000004
358,2022-03-01,30.73846153846154
358,2022-04-01,25.275
358,2022-11-01,1.375
358,2022-12-01,29.97125
359,2022-01-01,0.39
359,2022-12-01,29.13
"359, 389",2022-01-01,2.76
"360, 362, 383",2022-01-01,98.82
"360, 362, 383",2022-02-01,99.21
"360, 362, 383",2022-03-01,31.89
"360, 362, 383",2022-04-01,0.79
"360, 362, 383",2022-12-01,100
"361, 383",2022-01-01,100
"361, 383",2022-02-01,100
"361, 383",2022-03-01,100
"361, 383",2022-04-01,100
"361, 383",2022-12-01,97.24
"362, 383",2022-01-01,100
"362, 383",2022-02-01,100
"362, 383",2022-03-01,50
"362, 383",2022-12-01,51.18
"363, 375, 416, 421, 441, 444, 460",2022-01-01,95.28
"363, 375, 416, 421, 441, 444, 460",2022-02-01,95.28
"363, 375, 416, 421, 441, 444, 460",2022-03-01,22.44
"363, 375, 416, 421, 441, 444, 460",2022-12-01,77.17
"363, 375, 438, 441, 460",2022-01-01,100
"363, 375, 438, 441, 460",2022-02-01,25.59
"363, 375, 438, 441, 460",2022-12-01,82.28
"363, 375, 441, 444, 460",2022-01-01,96.85
"363, 375, 441, 444, 460",2022-02-01,96.06
"363, 375, 441, 444, 460",2022-03-01,0.79
"363, 375, 441, 444, 460",2022-12-01,82.28
"363, 409, 416, 421, 430, 441, 444",2022-01-01,96.46
"363, 409, 416, 421, 430, 441, 444",2022-02-01,96.06
"363, 409, 416, 421, 430, 441, 444",2022-03-01,98.43
"363, 409, 416, 421, 430, 441, 444",2022-04-01,100
"363, 409, 416, 421, 430, 441, 444",2022-05-01,1.57
"363, 409, 416, 421, 430, 441, 444",2022-11-01,90.16
"363, 409, 416, 421, 430, 441, 444",2022-12-01,94.09
367,2022-01-01,12.795
367,2022-02-01,0.39
367,2022-04-01,14.27
367,2022-12-01,1.18
369,2022-01-01,100
369,2022-02-01,100
369,2022-03-01,100
369,2022-04-01,40.24357142857143
369,2022-05-01,28.345
369,2022-06-01,8.66
369,2022-10-01,6.1
369,2022-11-01,22.588749999999997
369,2022-12-01,39.154545454545456
371,2022-01-01,99.655
371,2022-02-01,100
371,2022-03-01,100
371,2022-04-01,95.81625
371,2022-10-01,5.904999999999999
371,2022-11-01,63.5325
371,2022-12-01,98.9175
"371, 412",2022-01-01,99.5075
"371, 412",2022-02-01,100
"371, 412",2022-03-01,100
"371, 412",2022-04-01,100
"371, 412",2022-05-01,5.51
"371, 412",2022-10-01,1.375
"371, 412",2022-11-01,73.6225
"371, 412",2022-12-01,100
373,2022-01-01,39.37090909090909
373,2022-02-01,28.813125
373,2022-03-01,28.11
373,2022-04-01,3.6399999999999997
373,2022-11-01,1.0466666666666666
373,2022-12-01,18.615714285714287
374,2022-01-01,15.572222222222223
374,2022-02-01,3.7399999999999998
374,2022-03-01,1.18
374,2022-04-01,0.39
374,2022-12-01,6.693333333333333
"375, 438, 460",2022-01-01,12.2
"375, 438, 460",2022-02-01,15.75
"375, 438, 460",2022-03-01,2.36
"375, 438, 460",2022-04-01,0.79
"375, 438, 460",2022-12-01,16.93
378,2022-01-01,1.18
378,2022-12-01,4.92
380,2022-01-01,54.5275
380,2022-02-01,55.749
380,2022-03-01,34.4475
380,2022-04-01,43.900000000000006
380,2022-10-01,1.97
380,2022-11-01,30.158
380,2022-12-01,47.34866666666667
382,2022-01-01,72.21571428571428
382,2022-02-01,71.19923076923077
382,2022-03-01,39.23833333333333
382,2022-04-01,26.0325
382,2022-05-01,9.58
382,2022-09-01,1.18
382,2022-10-01,1.05
382,2022-11-01,14.96
382,2022-12-01,54.62
383,2022-01-01,100
383,2022-02-01,100
383,2022-03-01,100
383,2022-04-01,100
383,2022-06-01,0.79
383,2022-12-01,100
384,2022-01-01,25.85333333333333
384,2022-02-01,8.66
384,2022-03-01,3.54
384,2022-04-01,1.18
384,2022-11-01,1.18
384,2022-12-01,31.756666666666668
"384, 387",2022-01-01,3.6557142857142857
"384, 387",2022-02-01,2.69
"384, 387",2022-03-01,1.1800000000000002
"384, 387",2022-10-01,16.54
"384, 387",2022-11-01,0.985
"384, 387",2022-12-01,27.335714285714285
387,2022-01-01,5.746
387,2022-02-01,6.297499999999999
387,2022-03-01,2.755
387,2022-10-01,9.84
387,2022-12-01,18.391428571428573
389,2022-01-01,38.449999999999996
389,2022-02-01,4.33
389,2022-03-01,3.15
389,2022-04-01,0.79
389,2022-12-01,1.18
"389, 459",2022-01-01,52.76
"389, 459",2022-02-01,0.79
"389, 459",2022-12-01,7.87
391,2022-01-01,5.12
"391, 408",2022-01-01,56.343333333333334
"391, 408",2022-02-01,76.15142857142857
"391, 408",2022-03-01,31.014444444444447
"391, 408",2022-04-01,3.6425
"391, 408",2022-11-01,3.2800000000000002
"391, 408",2022-12-01,12.5
392,2022-01-01,100
392,2022-02-01,100
392,2022-03-01,100
392,2022-04-01,64.895
392,2022-05-01,50.59
392,2022-06-01,1.18
392,2022-10-01,40.16
392,2022-11-01,40.75
392,2022-12-01,100
"392, 399",2022-01-01,97.50666666666666
"392, 399",2022-02-01,100
"392, 399",2022-03-01,99.73777777777778
"392, 399",2022-04-01,48.91625
"392, 399",2022-05-01,1.05
"392, 399",2022-06-01,6.3
"392, 399",2022-10-01,13.39
"392, 399",2022-11-01,15.549999999999999
"392, 399",2022-12-01,79.70222222222222
394,2022-01-01,87.56
394,2022-02-01,98.662
394,2022-03-01,20.238
394,2022-04-01,1.18
394,2022-05-01,2.365
394,2022-07-01,4.72
394,2022-09-01,1.18
394,2022-10-01,4.33
394,2022-11-01,14.563333333333333
394,2022-12-01,44.33
399,2022-01-01,93.02571428571429
399,2022-02-01,99.71857142857142
399,2022-03-01,99.88714285714286
399,2022-04-01,80.70666666666666
399,2022-05-01,7.35
399,2022-10-01,7.48
399,2022-11-01,2.3625
399,2022-12-01,78.34857142857143
402,2022-01-01,33.07222222222222
402,2022-02-01,32.994
402,2022-03-01,33.2175
402,2022-04-01,32.68
402,2022-05-01,4.135
402,2022-12-01,2.2485714285714287
404,2022-01-01,78.62785714285714
404,2022-02-01,0.5900000000000001
404,2022-04-01,7.4775
404,2022-10-01,0.79
404,2022-11-01,5.7075
404,2022-12-01,70.1525
405,2022-01-01,18.858999999999998
405,2022-02-01,53.24875
405,2022-03-01,24.9
405,2022-11-01,26.1325
405,2022-12-01,88.78
407,2022-01-01,72.05
407,2022-02-01,5.51
407,2022-04-01,2.165
407,2022-11-01,9.25
407,2022-12-01,69.29
"407, 471",2022-01-01,73.228
"407, 471",2022-02-01,62.1075
"407, 471",2022-03-01,50.4925
"407, 471",2022-04-01,53.74
"407, 471",2022-05-01,0.79
"407, 471",2022-11-01,60
"407, 471",2022-12-01,98.42333333333333
"407, 471, 481",2022-01-01,100
"407, 471, 481",2022-02-01,100
"407, 471, 481",2022-03-01,90.16
"407, 471, 481",2022-04-01,93.31
"407, 471, 481",2022-05-01,8.27
"407, 471, 481",2022-06-01,0.39
"407, 471, 481",2022-11-01,100
"407, 471, 481",2022-12-01,100
"407, 481",2022-01-01,91.14
"407, 481",2022-02-01,99.015
"407, 481",2022-03-01,96.06
"407, 481",2022-04-01,99.015
"407, 481",2022-05-01,29.92
"407, 481",2022-06-01,12.6
"407, 481",2022-07-01,5.51
"407, 481",2022-10-01,0.79
"407, 481",2022-11-01,99.41
"407, 481",2022-12-01,95.66499999999999
408,2022-01-01,24.8
408,2022-02-01,18.505
408,2022-03-01,8.66
408,2022-11-01,3.15
408,2022-12-01,0.39
"409, 416, 421, 430",2022-01-01,93.31
"409, 416, 421, 430",2022-02-01,12.2
"409, 416, 421, 430",2022-11-01,1.18
"409, 416, 421, 430",2022-12-01,70.87
"409, 416, 421, 430, 444",2022-01-01,98.03
"409, 416, 421, 430, 444",2022-02-01,96.46
"409, 416, 421, 430, 444",2022-03-01,22.83
"409, 416, 421, 430, 444",2022-04-01,1.97
"409, 416, 421, 430, 444",2022-11-01,3.54
"409, 416, 421, 430, 444",2022-12-01,94.09
"409, 430",2022-01-01,2.36
"409, 430",2022-12-01,41.93
"409, 430, 431",2022-01-01,93.31
"409, 430, 431",2022-02-01,26.77
"409, 430, 431",2022-03-01,8.66
"409, 430, 431",2022-04-01,2.36
"409, 430, 431",2022-11-01,3.94
"409, 430, 431",2022-12-01,62.2
"409, 430, 431, 441, 444",2022-01-01,93.7
"409, 430, 431, 441, 444",2022-02-01,97.64
"409, 430, 431, 441, 444",2022-03-01,99.61
"409, 430, 431, 441, 444",2022-04-01,99.61
"409, 430, 431, 441, 444",2022-05-01,1.97
"409, 430, 431, 441, 444",2022-11-01,45.67
"409, 430, 431, 441, 444",2022-12-01,100
"409, 430, 431, 444",2022-01-01,95.28
"409, 430, 431, 444",2022-02-01,95.28
"409, 430, 431, 444",2022-03-01,5.12
"409, 430, 431, 444",2022-11-01,4.33
"409, 430, 431, 444",2022-12-01,98.03
"409, 430, 468",2022-01-01,0.7849999999999999
"409, 430, 468",2022-02-01,0.98
"409, 430, 468",2022-05-01,0.79
"409, 430, 468",2022-12-01,26.380000000000003
410,2022-03-01,0.39
410,2022-11-01,0.39
412,2022-01-01,100
412,2022-02-01,100
412,2022-03-01,100
412,2022-04-01,100
412,2022-05-01,90.236
412,2022-10-01,15.155000000000001
412,2022-11-01,62.74272727272727
412,2022-12-01,100
413,2022-01-01,55.472
413,2022-02-01,38.190000000000005
413,2022-03-01,0.39
413,2022-12-01,58.598333333333336
415,2022-01-01,22.079166666666666
415,2022-02-01,6.233333333333333
415,2022-03-01,8.136666666666667
415,2022-04-01,0.39
415,2022-11-01,0.79
415,2022-12-01,4.08375
420,2022-01-01,63.307
420,2022-02-01,44.33615384615385
420,2022-03-01,24.802500000000002
420,2022-04-01,28.837500000000002
420,2022-05-01,3.94
420,2022-10-01,13.91
420,2022-11-01,22.88375
420,2022-12-01,56.14692307692307
425,2022-01-01,99.261875
425,2022-02-01,99.090625
425,2022-03-01,84.251875
425,2022-04-01,70.95071428571428
425,2022-05-01,51.32454545454546
425,2022-06-01,10.515714285714287
425,2022-07-01,1.18
425,2022-08-01,4.33
425,2022-09-01,6.9338461538461535
425,2022-10-01,14.17
425,2022-11-01,95.99
425,2022-12-01,99.45875
427,2022-01-01,57.405625
427,2022-02-01,18.413846153846155
427,2022-03-01,2.642857142857143
427,2022-04-01,1.97
427,2022-09-01,11.81
427,2022-11-01,76.574
427,2022-12-01,99.95125
"428, 440, 443, 449, 470",2022-01-01,77.17
"428, 440, 443, 449, 470",2022-02-01,0.39
"428, 440, 443, 449, 470",2022-12-01,50
"428, 440, 443, 449, 470, 492",2022-01-01,83.46
"428, 440, 443, 449, 470, 492",2022-02-01,0.39
"428, 440, 443, 449, 470, 492",2022-12-01,52.76
"428, 449",2022-01-01,1.97
"428, 449",2022-12-01,50
431,2022-01-01,92.815
431,2022-02-01,73.8175
431,2022-03-01,26.9675
431,2022-04-01,12.336666666666666
431,2022-10-01,0.39
431,2022-11-01,21.064999999999998
431,2022-12-01,89.2725
"431, 441, 444",2022-01-01,77.95
"431, 441, 444",2022-02-01,66.14
"431, 441, 444",2022-03-01,4.33
"431, 441, 444",2022-12-01,80.71
"431, 464",2022-01-01,97.44
"431, 464",2022-02-01,95.08
"431, 464",2022-03-01,36.61
"431, 464",2022-04-01,21.85
"431, 464",2022-11-01,11.42
"431, 464",2022-12-01,91.735
"431, 464, 498",2022-01-01,96.06
"431, 464, 498",2022-02-01,94.095
"431, 464, 498",2022-03-01,5.705
"431, 464, 498",2022-04-01,0.39
"431, 464, 498",2022-10-01,3.54
"431, 464, 498",2022-12-01,95.075
433,2022-01-01,63.74363636363636
433,2022-02-01,75.265
433,2022-03-01,1.3775
433,2022-04-01,5.51
433,2022-05-01,0.39
433,2022-11-01,15.746
433,2022-12-01,70.68636363636364
"433, 436",2022-01-01,64.96
"433, 436",2022-02-01,47.11333333333333
"433, 436",2022-03-01,0.39
"433, 436",2022-11-01,2.36
"433, 436",2022-12-01,67.4225
435,2022-01-01,61.910625
435,2022-02-01,11.767777777777777
435,2022-03-01,6.69
435,2022-04-01,8.530000000000001
435,2022-11-01,1.775
435,2022-12-01,7.043333333333333
436,2022-01-01,52.796
436,2022-02-01,27.16333333333333
436,2022-03-01,6.1
436,2022-04-01,4.72
436,2022-11-01,1.8366666666666667
436,2022-12-01,62.66416666666667
437,2022-02-01,2.36
437,2022-03-01,1.97
"437, 480",2022-01-01,73.815
"437, 480",2022-02-01,40.355
"437, 480",2022-03-01,2.36
"437, 480",2022-12-01,66.93
438,2022-01-01,58.92333333333333
438,2022-02-01,13.584999999999999
438,2022-03-01,0.79
438,2022-04-01,0.39
438,2022-11-01,6.3
438,2022-12-01,100
"438, 487",2022-01-01,2.76
"438, 487",2022-11-01,0.79
"438, 487",2022-12-01,6.3
439,2022-01-01,12.2
439,2022-12-01,50
"439, 478",2022-01-01,8.66
"439, 478",2022-10-01,10.63
441,2022-01-01,100
441,2022-02-01,24.41
441,2022-11-01,1.57
441,2022-12-01,100
"441, 444",2022-01-01,96.85
"441, 444",2022-02-01,95.28
"441, 444",2022-03-01,87.01
"441, 444",2022-04-01,83.07
"441, 444",2022-05-01,1.57
"441, 444",2022-11-01,28.35
"441, 444",2022-12-01,98.03
448,2022-01-01,47.66923076923077
448,2022-02-01,49.23625
448,2022-03-01,19.331
448,2022-04-01,8.565
448,2022-11-01,5.12
448,2022-12-01,29.212
450,2022-01-01,76.32214285714285
450,2022-02-01,49.2125
450,2022-03-01,90.945
450,2022-04-01,8.526666666666667
450,2022-05-01,0.39
450,2022-11-01,8.3966666666666665
450,2022-12-01,75.984375
451,2022-03-01,2.76
451,2022-04-01,0.79
451,2022-11-01,0.39
453,2022-01-01,29.1825
453,2022-04-01,5.215
453,2022-11-01,1.97
453,2022-12-01,71.812
454,2022-01-01,48.2275
454,2022-12-01,25.79
"454, 455, 485",2022-01-01,88.88
"454, 455, 485",2022-02-01,99.705
"454, 455, 485",2022-03-01,58.8575
"454, 455, 485",2022-04-01,100
"454, 455, 485",2022-05-01,70.08
"454, 455, 485",2022-11-01,37.1075
"454, 455, 485",2022-12-01,72.345
"454, 480",2022-01-01,99.21
"454, 480",2022-02-01,51.18
"454, 480",2022-04-01,33.07
"454, 480",2022-11-01,30.31
"454, 480",2022-12-01,37.8
"454, 485",2022-01-01,90.03
"454, 485",2022-02-01,64.96000000000001
"454, 485",2022-03-01,5.773333333333333
"454, 485",2022-04-01,24.8
"454, 485",2022-11-01,4.593333333333333
"454, 485",2022-12-01,37.79333333333334
455,2022-01-01,33.269999999999996
455,2022-02-01,0.5900000000000001
455,2022-11-01,0.5900000000000001
455,2022-12-01,27.755
"455, 485",2022-01-01,96.065
"455, 485",2022-02-01,59.449999999999996
"455, 485",2022-03-01,53.94
"455, 485",2022-04-01,10.24
"455, 485",2022-11-01,2.36
"455, 485",2022-12-01,97.245
"456, 468",2022-01-01,100
"456, 468",2022-12-01,0.79
457,2022-01-01,10.472
457,2022-02-01,24.16846153846154
457,2022-03-01,3.386
457,2022-11-01,0.79
457,2022-12-01,6.6425
461,2022-01-01,55.76181818181818
461,2022-02-01,18.5025
461,2022-03-01,1.18
461,2022-04-01,9.84
461,2022-05-01,0.39
461,2022-10-01,1.97
461,2022-11-01,1.705
461,2022-12-01,54.02142857142857
462,2022-01-01,53.23357142857143
462,2022-02-01,30.552
462,2022-04-01,16.54
462,2022-10-01,0.39
462,2022-11-01,10.274
462,2022-12-01,96.063125
"464, 493, 498",2022-01-01,86.025
"464, 493, 498",2022-02-01,37.269999999999996
"464, 493, 498",2022-03-01,18.503333333333334
"464, 493, 498",2022-04-01,6.3
"464, 493, 498",2022-09-01,1.57
"464, 493, 498",2022-11-01,2.165
"464, 493, 498",2022-12-01,99.31
467,2022-01-01,74.32428571428571
467,2022-02-01,78.050625
467,2022-03-01,52.028461538461535
467,2022-04-01,69.40285714285714
467,2022-05-01,35.43333333333333
467,2022-06-01,30.9025
467,2022-07-01,19.42
467,2022-08-01,17.716666666666665
467,2022-09-01,14.665000000000001
467,2022-10-01,50.65833333333333
467,2022-11-01,58.071
467,2022-12-01,99.434375
471,2022-01-01,95.52125
471,2022-02-01,97.83500000000001
471,2022-03-01,78.62857142857143
471,2022-04-01,88.9275
471,2022-05-01,59.69625
471,2022-06-01,31.821666666666665
471,2022-07-01,15.352500000000001
471,2022-08-01,15.549999999999999
471,2022-09-01,12.01
471,2022-10-01,28.345
471,2022-11-01,79.4775
471,2022-12-01,99.2125
475,2022-01-01,99.11375
475,2022-02-01,99.68
475,2022-03-01,51.94375
475,2022-04-01,8.465
475,2022-05-01,1.97
475,2022-10-01,3.25
475,2022-11-01,21.85125
475,2022-12-01,93.650625
481,2022-01-01,100
481,2022-02-01,75.98
481,2022-04-01,93.31
481,2022-05-01,16.14
481,2022-06-01,6.3
481,2022-07-01,1.18
481,2022-10-01,3.54
481,2022-11-01,99.21
481,2022-12-01,100
482,2022-01-01,99.97
482,2022-02-01,99.42461538461538
482,2022-03-01,99.94
482,2022-04-01,95.36615384615385
482,2022-05-01,71.78333333333333
482,2022-06-01,0.39
482,2022-09-01,1.18
482,2022-10-01,4.445714285714286
482,2022-11-01,70.89538461538461
482,2022-12-01,99.72769230769231
483,2022-01-01,96.732
483,2022-02-01,99.133
483,2022-03-01,82.166
483,2022-04-01,17.2725
483,2022-10-01,16.73
483,2022-11-01,61.135714285714286
483,2022-12-01,97.678
485,2022-01-01,90.35249999999999
485,2022-02-01,49.115
485,2022-03-01,64.56666666666666
485,2022-11-01,13.78
485,2022-12-01,75.395
486,2022-01-01,30.866
486,2022-02-01,35.4325
486,2022-03-01,28.188
486,2022-04-01,19.88
486,2022-05-01,48.896
486,2022-06-01,73.065
486,2022-07-01,84.12
486,2022-08-01,66.83166666666666
486,2022-09-01,57.952
486,2022-10-01,51.04888888888889
486,2022-11-01,25.195714285714285
486,2022-12-01,25.195
488,2022-01-01,65.87916666666666
488,2022-02-01,7.5775
488,2022-04-01,9.84
488,2022-09-01,14.17
488,2022-11-01,12.895
488,2022-12-01,83.735625
489,2022-01-01,79.13333333333334
489,2022-02-01,37.00666666666667
489,2022-03-01,7.28
489,2022-12-01,67.98
491,2022-01-01,99.86916666666667
491,2022-02-01,97.74545454545455
491,2022-03-01,41.92875
491,2022-11-01,3.15
491,2022-12-01,68.07
493,2022-01-01,11.219999999999999
493,2022-11-01,0.985
493,2022-12-01,13.386666666666667
"493, 498",2022-01-01,12.3025
"493, 498",2022-02-01,0.79
"493, 498",2022-11-01,0.79
"493, 498",2022-12-01,30.183333333333334
499,2022-01-01,99.606
499,2022-02-01,99.764
499,2022-03-01,99.844
499,2022-04-01,98.188
499,2022-05-01,17.4225
499,2022-10-01,1.77
499,2022-11-01,47.144999999999996
499,2022-12-01,99.53
